id,nombre,apellido,correo,sexo,ciudad
1,Lorie,Kleiser,lkleiser0@ning.com,Female,Kizlyar
2,Aubrette,Leyson,aleyson1@usgs.gov,Male,Mandōl
3,Elroy,Threlfall,ethrelfall2@freewebs.com,Male,Springfield
4,Sullivan,Hamelyn,shamelyn3@tripadvisor.com,Female,North Saanich
5,Hank,Brook,hbrook4@hatena.ne.jp,Male,Castêlo
6,Elwin,Enterlein,eenterlein5@paginegialle.it,Male,Akureyri
7,Joanna,Domenici,jdomenici6@dailymail.co.uk,Female,Banga
8,Hansiain,Skein,hskein7@1688.com,Male,Sumberan
9,Anna-maria,La Wille,alawille8@techcrunch.com,Female,Židlochovice
10,Maddy,Murrum,mmurrum9@nydailynews.com,Male,Loppi
11,Ramon,Fores,rforesa@edublogs.org,Female,Puerto Madryn
12,Andrey,Saleway,asalewayb@yale.edu,Polygender,Santa Maria
13,Cecilius,Hambright,chambrightc@soup.io,Female,Saint-Herblain
14,Ursa,Elener,uelenerd@reverbnation.com,Male,Hesheng
15,Giacinta,Clement,gclemente@pinterest.com,Female,Tebluru
16,Doralynn,Graffin,dgraffinf@flickr.com,Male,Wiphawadi
17,Shela,Grayham,sgrayhamg@lycos.com,Male,Sietesz
18,Orelle,Robertson,orobertsonh@amazon.co.jp,Male,Progër
19,Velma,Fillimore,vfillimorei@shinystat.com,Genderfluid,Täby
20,Maitilde,Aveline,mavelinej@etsy.com,Female,Agen
21,Wilmer,Skeat,wskeatk@aol.com,Male,Debeljača
22,Elissa,Leachman,eleachmanl@ihg.com,Male,Kingsey Falls
23,Dannye,Ciobotaro,dciobotarom@cnbc.com,Male,Lyaskelya
24,Stacee,Furnell,sfurnelln@state.gov,Female,Singkup
25,Ibby,Wareing,iwareingo@homestead.com,Male,Pasaco
26,Vania,Wateridge,vwateridgep@slashdot.org,Male,Huitang
27,Anthiathia,Discombe,adiscombeq@google.ca,Male,Laiyuan
28,Kim,Bissiker,kbissikerr@telegraph.co.uk,Male,Sawaengha
29,Danice,Vassel,dvassels@a8.net,Female,Yulin
30,Hollyanne,Epp,heppt@tuttocitta.it,Male,Nantes
31,Evangelina,Maskill,emaskillu@surveymonkey.com,Male,Guisguis
32,Annabella,Verchambre,averchambrev@blogs.com,Male,Shangfang
33,Port,Rouff,prouffw@bbb.org,Female,Sai’erlong Xiang
34,Godfrey,Dimanche,gdimanchex@home.pl,Female,Huancheng
35,Forster,Skitteral,fskitteraly@comcast.net,Male,Roanne
36,Ema,Risbridge,erisbridgez@vinaora.com,Male,Široki Brijeg
37,Reba,Suthren,rsuthren10@1688.com,Male,Cikabuyutan Barat
38,Addison,Kohrs,akohrs11@surveymonkey.com,Male,Pīshvā
39,Catlee,Andreia,candreia12@liveinternet.ru,Female,Hoogeveen
40,Adey,Dioniso,adioniso13@rambler.ru,Male,Đạ Tẻh
41,Doralynne,Malcolmson,dmalcolmson14@engadget.com,Male,Kislyakovskaya
42,Fritz,Winmill,fwinmill15@ihg.com,Male,Xiangzikou
43,Thomasine,Ourry,tourry16@kickstarter.com,Female,Qianjin
44,Les,Yetman,lyetman17@angelfire.com,Male,Huillapima
45,Giorgi,Dolligon,gdolligon18@hostgator.com,Female,Palayan City
46,Rafa,Foulks,rfoulks19@mail.ru,Genderfluid,San Rafael
47,Aksel,Pechacek,apechacek1a@hexun.com,Female,Butha-Buthe
48,Rorie,Ivkovic,rivkovic1b@columbia.edu,Male,Yantal’
49,Abbye,Ault,aault1c@blogspot.com,Male,Gubukjero Timuk
50,Yelena,Billingham,ybillingham1d@ocn.ne.jp,Male,Palmira
51,Tanya,Kerfod,tkerfod1e@jigsy.com,Female,Kebon Tengah
52,Lissy,Rosenkrantz,lrosenkrantz1f@jimdo.com,Male,Pagatan
53,Erin,Losbie,elosbie1g@creativecommons.org,Female,Tasikona
54,Patten,Rawlings,prawlings1h@disqus.com,Genderqueer,Bondokodi
55,Billy,Bridge,bbridge1i@geocities.jp,Male,Sūq al Khamīs
56,Charmain,Keyes,ckeyes1j@stanford.edu,Male,Lianghekou
57,Torrey,Minster,tminster1k@cargocollective.com,Male,Žemaičių Naumiestis
58,Dewitt,Couling,dcouling1l@phpbb.com,Female,Tertek
59,Constantino,Cubitt,ccubitt1m@deliciousdays.com,Female,Conception Bay South
60,Hugibert,Matthisson,hmatthisson1n@google.ru,Male,Fuxin
61,Isador,Turner,iturner1o@answers.com,Male,Cayenne
62,Alvira,Speak,aspeak1p@utexas.edu,Female,Mababanaba
63,Kaine,Dainton,kdainton1q@wired.com,Male,Methven
64,Binni,Dosedale,bdosedale1r@yelp.com,Male,Mbuji-Mayi
65,Hyacinthia,Deighton,hdeighton1s@wunderground.com,Male,la Massana
66,Vick,Banbridge,vbanbridge1t@pbs.org,Genderqueer,Aimin
67,Marylee,Broadfield,mbroadfield1u@creativecommons.org,Male,Al ‘Ayzarīyah
68,Maren,Tinkham,mtinkham1v@booking.com,Male,Bryansk
69,Way,Wickman,wwickman1w@51.la,Polygender,Tunbao
70,Sergeant,Devil,sdevil1x@phoca.cz,Male,Haradzishcha
71,Kai,Craft,kcraft1y@fc2.com,Male,Bunog
72,Sena,Cattroll,scattroll1z@xing.com,Male,Nazaré
73,Emmie,Boldry,eboldry20@hao123.com,Male,Leuwihalang
74,Noel,MacNair,nmacnair21@foxnews.com,Male,San Pedro Necta
75,James,Boosey,jboosey22@cisco.com,Female,Czarnożyły
76,Linnie,Hartfleet,lhartfleet23@dailymotion.com,Male,Cimonyong
77,Olivia,Puckham,opuckham24@discovery.com,Female,North Shore
78,Aeriela,Surmon,asurmon25@independent.co.uk,Male,Shirgjan
79,Thadeus,Kennady,tkennady26@cam.ac.uk,Male,Shuangjie
80,Titos,Prestland,tprestland27@google.ca,Female,Gračec
81,Revkah,Radden,rradden28@deviantart.com,Male,Mojosari
82,Hector,Saltmarsh,hsaltmarsh29@ihg.com,Female,Pervomayskaya
83,Malchy,Kloisner,mkloisner2a@wsj.com,Female,Modis
84,Nicol,Sidworth,nsidworth2b@posterous.com,Male,Mafra
85,Ashton,Robion,arobion2c@miibeian.gov.cn,Female,Lusong
86,Kenneth,Callear,kcallear2d@clickbank.net,Female,Menzel Bourguiba
87,Raynor,Beake,rbeake2e@hao123.com,Female,Kashira
88,Franklyn,St Pierre,fstpierre2f@phoca.cz,Female,Paranho
89,Reta,Ranvoise,rranvoise2g@eepurl.com,Agender,Soanindrariny
90,Danita,Fiddian,dfiddian2h@webnode.com,Female,Umi
91,Berry,Reyson,breyson2i@eepurl.com,Male,Laxou
92,Reynard,Hegg,rhegg2j@studiopress.com,Female,Manaulanan
93,Eran,Jerromes,ejerromes2k@hexun.com,Male,Kaduengang
94,Urson,Vasnev,uvasnev2l@elpais.com,Female,Huangchuan
95,Sallyann,Crackett,scrackett2m@state.gov,Male,Watunggong
96,Lena,Osgarby,losgarby2n@deviantart.com,Female,Sindangjawa
97,Bradford,Regardsoe,bregardsoe2o@arizona.edu,Female,Nagrog
98,Tanner,McClinton,tmcclinton2p@columbia.edu,Male,Pejibaye
99,Gonzalo,Eubank,geubank2q@mac.com,Male,Sępólno Krajeńskie
100,Germain,Wooffinden,gwooffinden2r@go.com,Female,Dobrich
101,Nicoline,Pembridge,npembridge2s@eepurl.com,Female,Krasica
102,Hortensia,Lafond,hlafond2t@seesaa.net,Male,Rive-de-Gier
103,Reece,Phettiplace,rphettiplace2u@stanford.edu,Male,Farmahīn
104,Vina,Bagshawe,vbagshawe2v@hc360.com,Agender,Nangang
105,Myranda,Brecknell,mbrecknell2w@nsw.gov.au,Genderqueer,Weishanzhuang
106,Rusty,Aiskovitch,raiskovitch2x@paginegialle.it,Male,Uujim
107,Lorelei,Last,llast2y@statcounter.com,Female,Toyonaka
108,Jenelle,Trye,jtrye2z@chron.com,Male,Kyenjojo
109,Jaime,Keaveney,jkeaveney30@wunderground.com,Male,Sosnytsya
110,Adoree,McCombe,amccombe31@1und1.de,Female,Tabora
111,Joli,Walch,jwalch32@tinyurl.com,Male,Mojokerto
112,Daniela,Swinden,dswinden33@wp.com,Male,Zhabagly
113,Moishe,Chaudhry,mchaudhry34@csmonitor.com,Female,Duzhou
114,Ranique,Hayden,rhayden35@mozilla.com,Female,Shuiyuan
115,Mora,Aymer,maymer36@skype.com,Female,Masḩah
116,Corey,Isles,cisles37@gmpg.org,Female,Urambo
117,Nanice,Mylchreest,nmylchreest38@forbes.com,Male,Dimitrov
118,Verina,Genner,vgenner39@free.fr,Male,Bebae
119,Pris,Tebbett,ptebbett3a@eepurl.com,Female,Candating
120,Palm,Planks,pplanks3b@yellowbook.com,Female,Guyam Malaki
121,Ros,Peart,rpeart3c@ox.ac.uk,Female,Melaka
122,Dorie,Tetford,dtetford3d@zimbio.com,Genderfluid,Wielgie
123,Paolina,Ghelerdini,pghelerdini3e@alibaba.com,Male,Miastko
124,Jessi,O'Meara,jomeara3f@zimbio.com,Female,Haihui
125,Jere,Aldcorn,jaldcorn3g@flavors.me,Male,Panorama
126,Jill,Kean,jkean3h@statcounter.com,Female,Suruhan
127,Verile,McLagain,vmclagain3i@xinhuanet.com,Female,Fyllingsdalen
128,Wes,Sudworth,wsudworth3j@discovery.com,Male,Albacete
129,Coletta,Mandry,cmandry3k@opera.com,Female,Grangwav
130,Corey,Tuson,ctuson3l@toplist.cz,Female,Vygonichi
131,Tod,Pyzer,tpyzer3m@ehow.com,Female,Burnside
132,Caitlin,Donnison,cdonnison3n@naver.com,Bigender,Rawa Satu
133,Stephana,Santos,ssantos3o@networksolutions.com,Male,Urrao
134,Dorelia,Winyard,dwinyard3p@technorati.com,Male,Maracaibo
135,Danila,Ullock,dullock3q@sciencedaily.com,Female,Valday
136,Cece,Mellody,cmellody3r@intel.com,Non-binary,Buenavista
137,Janeta,Baily,jbaily3s@weebly.com,Female,Jiale
138,Carmen,Drysdall,cdrysdall3t@sina.com.cn,Female,Khoyniki
139,Corenda,Brotheridge,cbrotheridge3u@prnewswire.com,Non-binary,Huayan
140,Yank,Lerer,ylerer3v@ask.com,Female,Grevená
141,Anallise,Manuele,amanuele3w@xrea.com,Male,Songwon
142,Mary,Maywood,mmaywood3x@dell.com,Female,Shihuiyao
143,Coletta,McGloin,cmcgloin3y@admin.ch,Female,Asunción Mita
144,Judas,Madine,jmadine3z@usa.gov,Male,Taiping
145,Jamesy,Anthill,janthill40@europa.eu,Female,Dykan’ka
146,Sashenka,Regenhardt,sregenhardt41@icq.com,Male,Colombo
147,Carolee,Kaley,ckaley42@mysql.com,Male,Kamogatachō-kamogata
148,Eleonora,Mapowder,emapowder43@tinyurl.com,Male,Shalya
149,Vivienne,Louca,vlouca44@ow.ly,Male,Kuiyong
150,Sherlock,Doge,sdoge45@businessinsider.com,Male,Laval
151,Amata,Headly,aheadly46@ox.ac.uk,Agender,Caeté
152,Trenna,Rarity,trarity47@ustream.tv,Female,Orsha
153,Adiana,MacGorley,amacgorley48@sun.com,Female,Naha-shi
154,Gypsy,Borrott,gborrott49@imageshack.us,Female,Yeni Suraxanı
155,Bartolomeo,Franciotti,bfranciotti4a@ameblo.jp,Female,Madolenihm Municipality Government
156,Jedidiah,Winspur,jwinspur4b@virginia.edu,Male,Al ‘Azīzīyah
157,Betty,Novis,bnovis4c@nifty.com,Genderfluid,Syriam
158,Adella,Ayliff,aayliff4d@booking.com,Female,Bangxi
159,Ketty,Kix,kkix4e@pbs.org,Male,‘Uzeir
160,Ariela,Ancliff,aancliff4f@wordpress.com,Female,Doyong
161,Marian,Leavesley,mleavesley4g@miibeian.gov.cn,Female,Namur
162,Nora,Kinzett,nkinzett4h@i2i.jp,Male,Muarasiau
163,Crosby,Passler,cpassler4i@reuters.com,Male,Mniszków
164,Loni,Cogdell,lcogdell4j@bbb.org,Female,Dongfeng
165,Lek,Klemps,lklemps4k@usgs.gov,Female,Dziemiany
166,Jeff,Kaas,jkaas4l@ca.gov,Male,Tabug
167,Marena,Brockwell,mbrockwell4m@gizmodo.com,Male,Parque Industrial
168,Cayla,Wrey,cwrey4n@va.gov,Female,Kharp
169,Julita,Chstney,jchstney4o@twitter.com,Female,Vittoriosa
170,Denny,Stot,dstot4p@sakura.ne.jp,Female,Delft
171,Emilee,Bunford,ebunford4q@diigo.com,Non-binary,Carregueira
172,Lucita,Kleinhaus,lkleinhaus4r@lycos.com,Agender,Bzenec
173,Georgie,Spellworth,gspellworth4s@woothemes.com,Genderfluid,Novallas
174,Archaimbaud,Keston,akeston4t@admin.ch,Female,Loutráki
175,Loralie,Phillipson,lphillipson4u@a8.net,Male,Marseille
176,Valentine,Leyninye,vleyninye4v@people.com.cn,Male,Avanca
177,Rozina,Sandercock,rsandercock4w@seesaa.net,Male,Luqiao
178,Matelda,Bouldon,mbouldon4x@washington.edu,Female,Gandiaye
179,Jewelle,Klimowicz,jklimowicz4y@usatoday.com,Female,Resplendor
180,Clair,Chaimson,cchaimson4z@wiley.com,Male,Raszczyce
181,Urban,Trousdale,utrousdale50@shop-pro.jp,Male,Alhos Vedros
182,Barret,Caillou,bcaillou51@home.pl,Polygender,Jönköping
183,Ilario,Moloney,imoloney52@google.cn,Female,Amgalang
184,Dacie,Keigher,dkeigher53@cargocollective.com,Female,Muzaffargarh
185,Hailey,Wyke,hwyke54@phoca.cz,Female,Dolní Sloupnice
186,Wakefield,Jakeman,wjakeman55@github.io,Male,Cisarap
187,Pavlov,Seymour,pseymour56@t.co,Male,Oceanside
188,Gilles,Rosenhaupt,grosenhaupt57@people.com.cn,Female,Kampinos
189,Tiphany,Brayn,tbrayn58@prlog.org,Female,Shenshan
190,Isador,Sciusscietto,isciusscietto59@globo.com,Female,Yangce
191,Zolly,Brogini,zbrogini5a@go.com,Female,Rivadavia
192,Friedrick,Buglass,fbuglass5b@skype.com,Female,Watuagung
193,Milli,Wimms,mwimms5c@unesco.org,Female,Toul
194,Micheline,Hradsky,mhradsky5d@dell.com,Female,Evansville
195,Dara,Kurten,dkurten5e@nih.gov,Non-binary,Köyliö
196,Gaile,Chasteney,gchasteney5f@altervista.org,Male,Nouâdhibou
197,Farr,Ryles,fryles5g@cbsnews.com,Male,Zinder
198,Will,Boldecke,wboldecke5h@msu.edu,Bigender,Altuf’yevskiy
199,Abigale,Harborow,aharborow5i@hud.gov,Female,Sumberbakti
200,Howard,Tilly,htilly5j@usda.gov,Male,Arapongas
201,Kalli,Beresfore,kberesfore5k@amazon.de,Genderfluid,Baiyinnuole
202,Nerty,Hollingsby,nhollingsby5l@behance.net,Male,Villarrica
203,Nev,Pach,npach5m@artisteer.com,Female,Noyal-sur-Vilaine
204,Rochell,Vosse,rvosse5n@ucoz.ru,Male,Geghanist
205,Veriee,Badger,vbadger5o@bloglines.com,Male,Toyokawa
206,Jay,Allawy,jallawy5p@jimdo.com,Female,Fonte da Vaca
207,Melinde,Burns,mburns5q@gizmodo.com,Female,Bugo
208,Oren,Syms,osyms5r@geocities.jp,Polygender,Zaragoza
209,Shandeigh,Crowest,scrowest5s@census.gov,Male,Agustín Codazzi
210,Omar,De La Cote,odelacote5t@unc.edu,Male,Girang
211,Taite,Eagle,teagle5u@istockphoto.com,Bigender,Iles
212,Janka,Westgarth,jwestgarth5v@stanford.edu,Male,Kalimati
213,Cosetta,Ovitz,covitz5w@imgur.com,Male,Benzilan
214,Lock,McLellan,lmclellan5x@usatoday.com,Non-binary,Fier
215,Maren,Daffern,mdaffern5y@salon.com,Female,Göteborg
216,Beck,Perello,bperello5z@europa.eu,Male,Pujiang
217,Cornie,Dalmon,cdalmon60@wikipedia.org,Male,Conceição do Jacuípe
218,Melisse,Selburn,mselburn61@ucla.edu,Female,Xianrendu
219,Lacey,Grisewood,lgrisewood62@redcross.org,Male,Loreto
220,Lotti,Swash,lswash63@networksolutions.com,Female,Waśniów
221,Carmelle,Wellbank,cwellbank64@cam.ac.uk,Female,Nongba
222,Roosevelt,Dooley,rdooley65@hubpages.com,Male,Xifangcheng
223,Katlin,Janiak,kjaniak66@nymag.com,Male,Budapest
224,Robbie,Merali,rmerali67@artisteer.com,Male,Planaltina
225,Aeriel,Skeete,askeete68@google.nl,Male,Nynäshamn
226,Jens,Kettlestringes,jkettlestringes69@noaa.gov,Female,Tytuvėnėliai
227,Artur,Cartwight,acartwight6a@diigo.com,Female,Vnorovy
228,Alfredo,Kirkebye,akirkebye6b@cam.ac.uk,Female,Bayasgalant
229,Adela,Branston,abranston6c@wisc.edu,Male,Montreuil
230,Gram,Brattan,gbrattan6d@webs.com,Female,Taguing
231,Ronald,Jertz,rjertz6e@google.com.au,Polygender,Jiangchang
232,Lodovico,Cristofolini,lcristofolini6f@wp.com,Male,Pont-Rouge
233,Micah,Shepheard,mshepheard6g@gnu.org,Male,Lukulu
234,Cooper,Bruyntjes,cbruyntjes6h@utexas.edu,Male,Shāhpur Chākar
235,Ruthie,Espie,respie6i@51.la,Female,Kupusina
236,Mariquilla,Nannetti,mnannetti6j@bizjournals.com,Non-binary,Bárrio
237,Garrick,Droghan,gdroghan6k@ehow.com,Polygender,Invermere
238,Coop,Layland,clayland6l@delicious.com,Female,Kolokani
239,Karla,Jerdan,kjerdan6m@chronoengine.com,Male,Ryazanskiy
240,Lurleen,Huzzey,lhuzzey6n@zimbio.com,Female,Mlawat
241,Garrek,Tomasutti,gtomasutti6o@delicious.com,Polygender,Bunia
242,Laird,Surgeoner,lsurgeoner6p@etsy.com,Female,Sandefjord
243,Austin,Mc Dermid,amcdermid6q@google.cn,Female,Yueyang
244,Robbyn,Vasilyonok,rvasilyonok6r@phpbb.com,Female,Noyal-sur-Vilaine
245,Cornie,Gellibrand,cgellibrand6s@php.net,Female,Qiaogu
246,Shoshanna,Rosencwaig,srosencwaig6t@weibo.com,Male,Tuochuan
247,Chrystal,Birchall,cbirchall6u@nytimes.com,Female,Owando
248,Ella,Marchington,emarchington6v@dagondesign.com,Male,Xingguo
249,Corissa,Stubs,cstubs6w@goodreads.com,Female,Bajingzi
250,Kristine,Mil,kmil6x@netscape.com,Male,Cumba
251,Mickey,Buddle,mbuddle6y@dailymotion.com,Female,Štore
252,Odelle,Cunliffe,ocunliffe6z@archive.org,Female,Benguela
253,Tara,Bullard,tbullard70@nytimes.com,Female,Jalanbaru
254,Marty,Simonyi,msimonyi71@slashdot.org,Male,Conchopata
255,Kendrick,Scaice,kscaice72@a8.net,Female,Ciwaru
256,Jerrie,Moseley,jmoseley73@gnu.org,Non-binary,Nueva Ocotepeque
257,Margalo,Whitecross,mwhitecross74@google.pl,Female,Nagrak
258,Ynes,Izon,yizon75@etsy.com,Male,Pereiro
259,Huntlee,Oldham,holdham76@usgs.gov,Male,Pont Cassé
260,Doroteya,Sapir,dsapir77@timesonline.co.uk,Female,Liberia
261,Albrecht,Dukesbury,adukesbury78@admin.ch,Male,San Felipe
262,Boothe,Byers,bbyers79@howstuffworks.com,Genderqueer,Svetlograd
263,Leese,Skeech,lskeech7a@plala.or.jp,Female,Pagaden
264,Imelda,Heatlie,iheatlie7b@marketwatch.com,Female,Zhenlong
265,Caspar,Cornier,ccornier7c@odnoklassniki.ru,Female,Goiatuba
266,Chane,Van Der Walt,cvanderwalt7d@unesco.org,Male,Kot Sultan
267,Carlin,Bartke,cbartke7e@bluehost.com,Female,Morazán
268,Iver,Dunnaway,idunnaway7f@bloglines.com,Female,Pregradnoye
269,Gwendolyn,Ashpole,gashpole7g@rambler.ru,Female,Herálec
270,Ronni,Antuk,rantuk7h@prweb.com,Female,Kuala Belait
271,Ardis,Boase,aboase7i@rediff.com,Female,Liangshan
272,Corly,Avard,cavard7j@ning.com,Female,Odivelas
273,Willis,Pullman,wpullman7k@examiner.com,Male,Jalasenga
274,Hali,Schlagman,hschlagman7l@webeden.co.uk,Female,Waturoka
275,Romona,Etock,retock7m@epa.gov,Male,San Isidro
276,Rocky,Chavez,rchavez7n@pagesperso-orange.fr,Male,Newcastle
277,Garrott,Driussi,gdriussi7o@networksolutions.com,Male,Sabtang
278,Judon,Relph,jrelph7p@cbsnews.com,Female,Xinglong
279,Sterling,Perel,sperel7q@smugmug.com,Male,Ijuí
280,Janean,Merigot,jmerigot7r@pen.io,Female,Aluminé
281,Delaney,Kruschev,dkruschev7s@theatlantic.com,Male,Molugan
282,Lurette,Hardman,lhardman7t@china.com.cn,Female,Penambangan
283,Reiko,Birdwhistle,rbirdwhistle7u@delicious.com,Male,Madīnat ‘Īsá
284,Darya,Beevens,dbeevens7v@nih.gov,Female,Barraute
285,Jessee,Thiese,jthiese7w@acquirethisname.com,Female,Qiaodi
286,Iggy,Blowing,iblowing7x@csmonitor.com,Male,Coyah
287,Julietta,Wade,jwade7y@networksolutions.com,Male,Muting
288,Winston,Boleyn,wboleyn7z@stanford.edu,Male,Fazenda de Santa Cruz
289,Robbert,Bisatt,rbisatt80@uol.com.br,Male,Mpophomeni
290,Alan,Kivelhan,akivelhan81@spiegel.de,Agender,Lyon
291,Cherin,Sharer,csharer82@slashdot.org,Female,Shalqīya
292,Rustin,Allbrook,rallbrook83@squidoo.com,Male,Guishan
293,Hubie,Fall,hfall84@twitpic.com,Female,Cuispes
294,Doralin,Kalf,dkalf85@gmpg.org,Female,Lulindi
295,Raquel,Moxham,rmoxham86@comsenz.com,Male,Castelo
296,Denyse,Dourin,ddourin87@wikipedia.org,Female,Novoalekseyevskaya
297,Evangeline,Crighton,ecrighton88@ifeng.com,Female,San Pedro de Atacama
298,Ferrel,Bownass,fbownass89@ftc.gov,Male,Taozhuang
299,Pat,Robottom,probottom8a@yale.edu,Male,Nantian
300,Lottie,MacElholm,lmacelholm8b@xinhuanet.com,Male,Mityana
301,Gigi,Balthasar,gbalthasar8c@msn.com,Male,Kurashiki
302,Bab,Lathwood,blathwood8d@nih.gov,Male,Cradock
303,Byrann,Scully,bscully8e@comsenz.com,Male,Huliao
304,Findley,Bleas,fbleas8f@cdc.gov,Male,Kyperoúnta
305,Randi,Kille,rkille8g@webnode.com,Female,Anaráchi
306,Keary,Martschik,kmartschik8h@livejournal.com,Male,Skovorodino
307,Roscoe,Boundey,rboundey8i@microsoft.com,Male,Kasiyan
308,Elihu,Raeside,eraeside8j@hostgator.com,Male,Rio Pardo
309,Sven,Casseldine,scasseldine8k@rakuten.co.jp,Male,Linquan
310,Whitby,Thurling,wthurling8l@dmoz.org,Female,Nove-Misto
311,Kingsley,Mathew,kmathew8m@google.ca,Male,Lukou
312,Emmott,Lipsett,elipsett8n@salon.com,Female,Armação de Búzios
313,Perceval,Drowsfield,pdrowsfield8o@tripod.com,Male,Vancouver
314,Coretta,Denney,cdenney8p@oakley.com,Male,Ābyek
315,Mahala,Romans,mromans8q@google.com.hk,Female,Mercaderes
316,Tanny,Karpenya,tkarpenya8r@skyrock.com,Female,Tours
317,Morganne,Van der Brugge,mvanderbrugge8s@usgs.gov,Female,Ban Nong Wua So
318,Tye,Ellington,tellington8t@fda.gov,Female,Samho-rodongjagu
319,Bradley,Elleray,belleray8u@walmart.com,Bigender,Dolsk
320,Wood,Marioneau,wmarioneau8v@spotify.com,Genderqueer,Thala
321,Leoine,Saward,lsaward8w@indiatimes.com,Male,Ayo
322,Ricca,Janos,rjanos8x@behance.net,Male,Leeds
323,Darb,Anthonsen,danthonsen8y@multiply.com,Male,Tenkodogo
324,Royce,Grunnill,rgrunnill8z@ucsd.edu,Female,Brest
325,Armin,Bouda,abouda90@google.com.hk,Male,Fiditi
326,Baryram,Cops,bcops91@abc.net.au,Male,Göteborg
327,Lillis,Ashington,lashington92@earthlink.net,Female,Wang Sai Phun
328,Gerrilee,Matej,gmatej93@noaa.gov,Female,Hörby
329,Zeb,Thorns,zthorns94@bloglines.com,Female,San Marcos
330,Marve,Rushworth,mrushworth95@hexun.com,Female,Charlesland
331,Arabel,Beebe,abeebe96@blinklist.com,Male,Xinfeng
332,Sly,Crookston,scrookston97@cbsnews.com,Male,Pamyat’ Parizhskoy Kommuny
333,Herbie,Guyet,hguyet98@goo.gl,Female,Madaoua
334,Mercie,Ralfe,mralfe99@github.com,Female,Stockholm
335,Cesare,Norwell,cnorwell9a@spotify.com,Male,Bayshint
336,Frannie,Treher,ftreher9b@unc.edu,Genderqueer,Guanyao
337,Terrence,Colkett,tcolkett9c@usda.gov,Female,Colmeal
338,Layton,Folkerts,lfolkerts9d@hp.com,Female,Boa Esperança
339,Aurlie,Goold,agoold9e@cargocollective.com,Male,Delaware
340,Hadlee,Brandt,hbrandt9f@liveinternet.ru,Male,Itanhandu
341,Dorian,Dearle-Palser,ddearlepalser9g@jimdo.com,Female,Volta Redonda
342,Maxine,Le Marchand,mlemarchand9h@yale.edu,Male,Johor Bahru
343,Christen,Crook,ccrook9i@eventbrite.com,Male,Itapecuru Mirim
344,Trixy,Buttrick,tbuttrick9j@example.com,Female,Schaan
345,Anastassia,Jaycock,ajaycock9k@xing.com,Female,Nytva
346,Husein,Dmytryk,hdmytryk9l@163.com,Female,Panjiang
347,Morganne,Ruffy,mruffy9m@irs.gov,Female,Molagavita
348,Clair,Peres,cperes9n@nbcnews.com,Female,São Sebastião
349,Haley,Dewsbury,hdewsbury9o@ocn.ne.jp,Male,Sampués
350,Elia,Starten,estarten9p@springer.com,Female,Vailoatai
351,Josias,Antonowicz,jantonowicz9q@loc.gov,Agender,Banyumas
352,Carena,Beautyman,cbeautyman9r@furl.net,Male,Same
353,Jillayne,Belloch,jbelloch9s@ocn.ne.jp,Female,Tønsberg
354,Avigdor,Aleksic,aaleksic9t@ow.ly,Female,Manchester
355,Biddy,Bootes,bbootes9u@godaddy.com,Agender,Głogów Małopolski
356,Jordanna,Keele,jkeele9v@dagondesign.com,Female,Fort-de-France
357,Meaghan,Marshland,mmarshland9w@ezinearticles.com,Female,Midland
358,Padgett,Domleo,pdomleo9x@i2i.jp,Male,Huangtan
359,Maurits,Eilert,meilert9y@senate.gov,Male,Bacacay
360,Egor,Winfrey,ewinfrey9z@miibeian.gov.cn,Female,Tromsø
361,Ike,Paulino,ipaulinoa0@domainmarket.com,Female,Ngandangan
362,Ransell,Stow,rstowa1@ca.gov,Male,Los Frentones
363,Jonie,Boot,jboota2@wsj.com,Male,Uzhhorod
364,Christean,Dady,cdadya3@prlog.org,Male,Dongfeng
365,Alyss,Adamowitz,aadamowitza4@cisco.com,Female,Longquan
366,Cortney,Toppes,ctoppesa5@acquirethisname.com,Genderqueer,Fernandópolis
367,Daryn,Fawlkes,dfawlkesa6@state.tx.us,Non-binary,Tomobe
368,Mortimer,de Juares,mdejuaresa7@cloudflare.com,Female,Daishan
369,Darcie,Rude,drudea8@ask.com,Male,Jianggao
370,Rosalinda,Larrat,rlarrata9@cdbaby.com,Male,Luanda
371,Beverly,Bysshe,bbyssheaa@discovery.com,Bigender,Cimaragas
372,Therine,Staries,tstariesab@reference.com,Female,Tanay
373,Caria,Dalby,cdalbyac@live.com,Female,Freguesia do Ribeirao da Ilha
374,Cheri,Grishakov,cgrishakovad@eepurl.com,Female,Gorgān
375,Brien,Conybear,bconybearae@google.ca,Male,Saguing
376,Dara,O'Criane,docrianeaf@webnode.com,Male,Riyadh
377,Samantha,Noar,snoarag@google.com.au,Female,Tourcoing
378,Cloris,Castanaga,ccastanagaah@symantec.com,Male,Kedungcangkring
379,Russ,Kennington,rkenningtonai@yandex.ru,Male,Martil
380,Pip,Cromack,pcromackaj@163.com,Female,Chagoda
381,Blanch,Roon,broonak@nbcnews.com,Male,Mādārīpur
382,Brenda,Lindeboom,blindeboomal@cdbaby.com,Bigender,Hutou
383,Carina,Donke,cdonkeam@nasa.gov,Female,Pengxing
384,Giraud,Kerbler,gkerbleran@sciencedirect.com,Female,Babakan
385,Jareb,Popley,jpopleyao@zimbio.com,Male,Kapan
386,Alberik,Perren,aperrenap@tinyurl.com,Female,Aliwal North
387,Bee,McClymont,bmcclymontaq@umn.edu,Male,Jamaica
388,Donn,Beauchamp,dbeauchampar@usatoday.com,Male,Psary
389,Augustine,McIlrath,amcilrathas@delicious.com,Female,Guijalo
390,Catlin,Parkhouse,cparkhouseat@paginegialle.it,Male,Chinhoyi
391,Myer,Sollner,msollnerau@skyrock.com,Female,Spas
392,Vic,Beinisch,vbeinischav@newyorker.com,Male,Rano
393,Johna,Pinwell,jpinwellaw@cdc.gov,Male,Baiima
394,Judy,Ashall,jashallax@pagesperso-orange.fr,Female,Hegarmanah
395,Bernelle,Bourbon,bbourbonay@mediafire.com,Male,Sanqu
396,Timmy,Warder,twarderaz@cloudflare.com,Female,Yixi
397,Liliane,Edmonson,ledmonsonb0@4shared.com,Male,Jirjā
398,Garrard,Cona,gconab1@huffingtonpost.com,Female,Bualu
399,Tallou,Pedrocchi,tpedrocchib2@foxnews.com,Male,Novoaleksandrovsk
400,Danell,Breadon,dbreadonb3@admin.ch,Female,Luoyang
401,Amabel,Gillmore,agillmoreb4@squidoo.com,Male,Debrecen
402,Othilie,Hopewell,ohopewellb5@harvard.edu,Male,Na Khu
403,Templeton,Tibb,ttibbb6@studiopress.com,Male,Seixo da Beira
404,Heinrik,Sallter,hsallterb7@hhs.gov,Genderqueer,Shalamzār
405,Sharla,Kett,skettb8@deliciousdays.com,Agender,Shatoujiao
406,Aube,Radoux,aradouxb9@linkedin.com,Male,Gongming
407,Marcelia,Skoyles,mskoylesba@youtu.be,Female,Campo Grande
408,Teador,Kobes,tkobesbb@forbes.com,Female,Třemošnice
409,Andy,Ivison,aivisonbc@liveinternet.ru,Female,Hénin-Beaumont
410,Ilene,Pitrelli,ipitrellibd@blogs.com,Male,Cibetung Dua
411,Chrysa,Parfrey,cparfreybe@microsoft.com,Male,Paringin
412,Waldon,Penzer,wpenzerbf@ehow.com,Male,Star’
413,Woody,Trethowan,wtrethowanbg@apache.org,Male,Smedjebacken
414,Marlo,Eilhermann,meilhermannbh@cloudflare.com,Male,Yedun
415,Alisha,Shallcrass,ashallcrassbi@youtu.be,Female,Camalote
416,Carleen,Begent,cbegentbj@about.com,Female,Changsha
417,Morgan,Castellan,mcastellanbk@elpais.com,Bigender,Palca
418,Cassie,McLeary,cmclearybl@oaic.gov.au,Male,Al Qābil
419,Murielle,Montrose,mmontrosebm@ted.com,Male,Jeffrey’s Bay
420,Brendis,Oscroft,boscroftbn@ycombinator.com,Male,Naga
421,Winny,Sinney,wsinneybo@wufoo.com,Male,Lanyi
422,Shawn,Sigg,ssiggbp@behance.net,Female,Chongmin
423,Karoly,Hearns,khearnsbq@squarespace.com,Female,Erbil
424,Kathleen,Cheetam,kcheetambr@spotify.com,Male,Kraków
425,Faulkner,Nealey,fnealeybs@privacy.gov.au,Male,Soa
426,Pedro,Klassmann,pklassmannbt@geocities.com,Male,Bačka Palanka
427,Mylo,Ernshaw,mernshawbu@harvard.edu,Male,Pittsburgh
428,Saudra,Huncoot,shuncootbv@shop-pro.jp,Male,Lindong
429,Verne,Reilinger,vreilingerbw@technorati.com,Female,Booterstown
430,Skip,Spillane,sspillanebx@pbs.org,Male,Västerås
431,Horton,Drable,hdrableby@prweb.com,Female,Delong
432,Ebba,O'Crotty,eocrottybz@bbc.co.uk,Male,Qijiazuo
433,Colette,Spurling,cspurlingc0@devhub.com,Female,Sukarame
434,Koren,Phillcock,kphillcockc1@zimbio.com,Female,Pidhaytsi
435,Elden,Treacher,etreacherc2@theguardian.com,Male,La Esperanza
436,Edward,Crix,ecrixc3@google.pl,Male,Taung
437,Malena,Tribe,mtribec4@state.tx.us,Female,Sobue
438,Pansy,Jailler,pjaillerc5@bing.com,Genderqueer,Yinla
439,Blinni,Hardcastle,bhardcastlec6@mail.ru,Male,Chongxian
440,Fitz,McAree,fmcareec7@youku.com,Female,Slovenske Konjice
441,Rodrick,Vasyukhichev,rvasyukhichevc8@oracle.com,Male,Kailahun
442,Patten,Kyngdon,pkyngdonc9@uiuc.edu,Male,Sembakung
443,Shelly,Christescu,schristescuca@nbcnews.com,Female,La Serena
444,Samaria,Skippings,sskippingscb@foxnews.com,Female,Moppo
445,Kennan,Dickon,kdickoncc@cocolog-nifty.com,Female,Hisor
446,Whitney,Mutimer,wmutimercd@wordpress.com,Female,Sang-e Māshah
447,Calhoun,MacCaughen,cmaccaughence@accuweather.com,Male,Cardal
448,Wadsworth,Gavagan,wgavagancf@ucla.edu,Male,Ngundaan
449,Ethelind,Prophet,eprophetcg@sphinn.com,Male,Si Khoraphum
450,Heath,Springthorpe,hspringthorpech@freewebs.com,Female,Valerianovsk
451,Alecia,Longstaff,alongstaffci@weather.com,Male,Hubei
452,Martie,Deerr,mdeerrcj@blinklist.com,Male,Lampihung
453,Dan,Galier,dgalierck@networksolutions.com,Female,Ağdaş
454,Dunstan,Mulqueen,dmulqueencl@unblog.fr,Female,Zargarān
455,Ann,Vigars,avigarscm@sourceforge.net,Male,San Antonio
456,Nance,Maddy,nmaddycn@xrea.com,Female,Chengqu
457,Adrienne,Holywell,aholywellco@dyndns.org,Female,Congas
458,Bryn,McEvon,bmcevoncp@hostgator.com,Bigender,Lupane
459,Leann,Airs,lairscq@walmart.com,Male,Beigang
460,Arley,McNutt,amcnuttcr@topsy.com,Female,Xibu
461,Bliss,Cupitt,bcupittcs@tinypic.com,Female,Pulosari
462,Modesty,Moncreiff,mmoncreiffct@senate.gov,Female,Guniushan
463,Troy,Grundell,tgrundellcu@pbs.org,Female,Pho Si Suwan
464,Sholom,Vale,svalecv@eventbrite.com,Female,Sankeng
465,Aveline,Connechie,aconnechiecw@amazon.co.uk,Female,Bagong Sikat
466,Linell,Throughton,lthroughtoncx@loc.gov,Female,Babakanloa
467,Baryram,Simonsen,bsimonsency@timesonline.co.uk,Male,Mutā Khān
468,Alys,Darrigone,adarrigonecz@sohu.com,Male,Youfang
469,Augusto,Becraft,abecraftd0@ning.com,Female,Hostouň
470,Ira,Cornthwaite,icornthwaited1@myspace.com,Male,Boston
471,Bria,McGonigle,bmcgonigled2@dmoz.org,Male,Verba
472,Kaleb,McNeilley,kmcneilleyd3@paginegialle.it,Male,Balta
473,Tory,Wadman,twadmand4@canalblog.com,Female,Zerok-Alakadari
474,Arel,Labbett,alabbettd5@blog.com,Bigender,Pulautemiang
475,Grier,Ladel,gladeld6@behance.net,Non-binary,Għaxaq
476,Prince,Skermer,pskermerd7@tripadvisor.com,Male,Wanjiazhuang
477,Jabez,Flewitt,jflewittd8@people.com.cn,Male,Osięciny
478,Rex,Cookley,rcookleyd9@unesco.org,Agender,Pyshchug
479,Emlynne,Westhead,ewestheadda@mit.edu,Female,Fonte de Angeão
480,Demetria,Camel,dcameldb@360.cn,Female,Las Vegas
481,Laura,Levison,llevisondc@yahoo.com,Male,Kuching
482,Jammal,Siemandl,jsiemandldd@jigsy.com,Male,Guangfu
483,Livvy,Mateu,lmateude@imdb.com,Male,Ilesa
484,Trenton,Loftie,tloftiedf@ucoz.ru,Male,Cayungnan
485,Melesa,Casey,mcaseydg@timesonline.co.uk,Male,Eksjö
486,Donella,Capponer,dcapponerdh@microsoft.com,Male,Tan Sum
487,Freddi,Backen,fbackendi@newsvine.com,Male,La Rochelle
488,Clay,Ragles,craglesdj@deviantart.com,Male,Idtig
489,Mart,Raithmill,mraithmilldk@google.it,Genderqueer,Yekimovichi
490,Micheil,Mault,mmaultdl@cafepress.com,Male,Lidköping
491,Leeanne,Duny,ldunydm@twitter.com,Male,Medveditskiy
492,Doralyn,Bindin,dbindindn@nhs.uk,Male,Miandrivazo
493,Dimitri,Barreau,dbarreaudo@mapquest.com,Male,Hisor
494,Garvin,Hadgkiss,ghadgkissdp@omniture.com,Male,Vrsi
495,Rene,Mawne,rmawnedq@comsenz.com,Female,Kamenica
496,Andy,Glenn,aglenndr@yelp.com,Male,Tongjiang
497,Lucas,Croyden,lcroydends@aboutads.info,Male,Manaloal
498,Dorella,Philimore,dphilimoredt@shutterfly.com,Male,Paseyan
499,Claudianus,Branscomb,cbranscombdu@hp.com,Genderqueer,Rybí
500,Neill,Kloss,nklossdv@geocities.jp,Male,Marovoay
501,Kerrie,MacCurley,kmaccurleydw@sakura.ne.jp,Female,Messina
502,Xylia,Farrington,xfarringtondx@ehow.com,Polygender,Yelizavetino
503,Allen,Disney,adisneydy@go.com,Genderfluid,Dahu
504,Ignazio,Towse,itowsedz@symantec.com,Female,Zouma
505,Osbourn,Hargess,ohargesse0@domainmarket.com,Male,Chahe
506,Carine,Dawidsohn,cdawidsohne1@merriam-webster.com,Female,Koronadal
507,Tania,Langan,tlangane2@istockphoto.com,Female,Turinsk
508,Constantine,Pople,cpoplee3@home.pl,Female,Bohicon
509,Devland,Elsdon,delsdone4@fc2.com,Female,Stockholm
510,Edward,Merwede,emerwedee5@wired.com,Female,Mayenne
511,Suellen,Rubert,sruberte6@va.gov,Male,Guifeng
512,Town,Pearcy,tpearcye7@barnesandnoble.com,Male,Paisha
513,Birdie,McLaggan,bmclaggane8@odnoklassniki.ru,Female,Mosteiro
514,Perkin,Veall,pvealle9@telegraph.co.uk,Female,Štitar
515,Helen,Dunlea,hdunleaea@wikimedia.org,Female,Nakhon Nayok
516,Kary,O'Loughnan,koloughnaneb@pcworld.com,Genderqueer,Paris 07
517,Phaedra,Ludye,pludyeec@techcrunch.com,Female,Ondangwa
518,Wrennie,Matthai,wmatthaied@flavors.me,Male,Huangzhuang
519,Ario,Stirzaker,astirzakeree@last.fm,Male,Sampir
520,Lucienne,Stott,lstottef@studiopress.com,Male,Madingou
521,Shaine,Bault,sbaulteg@list-manage.com,Female,Kute
522,Billi,Antonomolii,bantonomoliieh@redcross.org,Male,Dankalwa
523,Feodora,Klauer,fklauerei@dagondesign.com,Male,Tallahassee
524,Antonella,Calf,acalfej@odnoklassniki.ru,Female,Tuatuka
525,Britney,Schutt,bschuttek@blinklist.com,Female,Bagaces
526,Nichole,Ebrall,nebrallel@webeden.co.uk,Female,Donetsk
527,Edwin,Cock,ecockem@si.edu,Female,Bernay
528,Raphaela,Ferns,rfernsen@yale.edu,Male,Noda
529,Rurik,Walas,rwalaseo@sourceforge.net,Female,Ol Kalou
530,Anica,Izakovitz,aizakovitzep@surveymonkey.com,Female,Revelstoke
531,Kahaleel,Essame,kessameeq@alexa.com,Bigender,Totoral
532,Aurilia,Dannett,adannetter@springer.com,Male,Malangwa
533,Fax,Shepherdson,fshepherdsones@netlog.com,Female,Gīdolē
534,Saxe,Brinklow,sbrinklowet@wp.com,Female,Gaobeijie
535,Faith,Andersen,fanderseneu@nba.com,Female,Urek-urek
536,Leticia,Sibbson,lsibbsonev@google.com.br,Female,Valencia
537,Gertrude,Ovill,govillew@bravesites.com,Female,Karara
538,Ber,Regnard,bregnardex@weebly.com,Female,Łomża
539,Fredia,Dimitriev,fdimitrievey@discovery.com,Male,Krajan Timur Suger Kidul
540,Mahmoud,Eveling,mevelingez@state.tx.us,Female,Baoji
541,Brandy,Waryk,bwarykf0@oracle.com,Male,Port-à-Piment
542,Town,Arran,tarranf1@w3.org,Male,Pamanukan
543,Bonnie,Farden,bfardenf2@photobucket.com,Female,Sinajana Village
544,Caesar,Kirsopp,ckirsoppf3@topsy.com,Polygender,Vila Chã de Ourique
545,Berny,Bonus,bbonusf4@comcast.net,Male,Kamālia
546,Antony,Daleman,adalemanf5@cloudflare.com,Female,Balangpule
547,Lemar,Rimer,lrimerf6@google.ca,Female,Tsurugi-asahimachi
548,Steward,Marris,smarrisf7@behance.net,Male,Mishan
549,Mattie,Libbe,mlibbef8@ycombinator.com,Male,Bizhbulyak
550,Flo,Kettle,fkettlef9@mozilla.org,Male,Loudi
551,Ave,Giffon,agiffonfa@acquirethisname.com,Male,Santa Ignacia
552,Sascha,Taks,staksfb@seattletimes.com,Male,Nanmu
553,Timmy,Reams,treamsfc@google.co.uk,Male,Kutno
554,Rabi,Sonner,rsonnerfd@desdev.cn,Female,Seraya
555,Far,Fassam,ffassamfe@epa.gov,Female,Manzanillo
556,Frederigo,Snalom,fsnalomff@ftc.gov,Female,Apucarana
557,Blinni,Kiefer,bkieferfg@paypal.com,Male,Sukorejo
558,Whitaker,Lintott,wlintottfh@indiatimes.com,Female,Quebrada Larga
559,Oliviero,Kiessel,okiesselfi@elegantthemes.com,Female,Songying
560,Archibold,Inseal,ainsealfj@comsenz.com,Male,Bečej
561,Derry,Losano,dlosanofk@scientificamerican.com,Female,Xuefu
562,Torrey,Perham,tperhamfl@unc.edu,Female,Shouyan
563,Bryn,Ox,boxfm@aboutads.info,Agender,Gaoxiang
564,Janette,Padfield,jpadfieldfn@oakley.com,Female,Wangren
565,Lelah,Samsonsen,lsamsonsenfo@naver.com,Female,Seattle
566,Kacie,Pinder,kpinderfp@discovery.com,Male,Balahovit
567,Halette,Coviello,hcoviellofq@google.com,Female,Liucheng
568,Gratiana,Taye,gtayefr@pagesperso-orange.fr,Female,Terrugem
569,Sabine,Atwood,satwoodfs@hc360.com,Male,Memphis
570,Lark,Hayhow,lhayhowft@skype.com,Female,Gaoxiang
571,Bendicty,Levey,bleveyfu@themeforest.net,Genderfluid,Calibishie
572,Addie,Harler,aharlerfv@cdbaby.com,Male,Ciyu
573,Alyce,Breton,abretonfw@netvibes.com,Male,Bollnäs
574,Sigismond,McAndie,smcandiefx@salon.com,Female,Morohongō
575,Amil,Luton,alutonfy@jiathis.com,Male,Tolosa
576,Sybila,Beves,sbevesfz@hubpages.com,Male,Sahagún
577,Aldon,O'Hederscoll,aohederscollg0@ustream.tv,Agender,Tayzhina
578,Ben,Oldale,boldaleg1@dedecms.com,Male,Rancho Nuevo
579,Rosabel,Salazar,rsalazarg2@toplist.cz,Female,Usagara
580,Haywood,Schukraft,hschukraftg3@wikispaces.com,Polygender,Unquillo
581,Hamil,Fairholm,hfairholmg4@taobao.com,Male,Xinfang
582,Stearne,Meineken,smeinekeng5@sciencedirect.com,Female,Kačanik
583,Lexy,Strephan,lstrephang6@discovery.com,Female,Santa Fe
584,Orson,Zanneli,ozannelig7@rakuten.co.jp,Female,Beihuaidian
585,Doloritas,Muffen,dmuffeng8@army.mil,Female,Luzhuangzi
586,Leyla,Haruard,lharuardg9@japanpost.jp,Agender,Zhongbao
587,Sabra,Gronowe,sgronowega@soup.io,Male,Saint Petersburg
588,Gibby,O'Loughane,goloughanegb@theguardian.com,Male,Mtambile
589,Adolf,Sedgefield,asedgefieldgc@hud.gov,Female,Jomboy
590,Herman,Howroyd,hhowroydgd@dropbox.com,Female,New York City
591,Jammie,Veighey,jveigheyge@weather.com,Male,Pravdinsk
592,Sheelagh,Bichener,sbichenergf@bing.com,Female,Hamburg
593,Annis,Piscotti,apiscottigg@dailymotion.com,Male,Zabrze
594,Ely,Baldwin,ebaldwingh@ibm.com,Male,Shuangbaiyang
595,Kent,MacMichael,kmacmichaelgi@jiathis.com,Female,Glushkovo
596,Ruthie,Hurndall,rhurndallgj@biglobe.ne.jp,Female,Hässelby
597,Jeffie,Omond,jomondgk@cnet.com,Male,Erdaocha
598,Verena,Goly,vgolygl@cafepress.com,Male,Encañada
599,Amery,Hoffner,ahoffnergm@flickr.com,Female,Yuejin
600,Terrell,Hanstock,thanstockgn@businessweek.com,Male,Bradashesh
601,Rubia,Sleit,rsleitgo@sohu.com,Female,Chilmāri
602,Skipper,Depka,sdepkagp@multiply.com,Female,La Libertad
603,Marcellina,MacFadzan,mmacfadzangq@marriott.com,Female,Ezeiza
604,Alastair,Inger,aingergr@youku.com,Female,Dabancheng
605,Bancroft,Nuton,bnutongs@angelfire.com,Genderqueer,Bollnäs
606,Bernetta,Seals,bsealsgt@t.co,Non-binary,Evansville
607,Sebastian,Songist,ssongistgu@ucoz.ru,Male,Jinping
608,Janot,Vasyagin,jvasyagingv@webs.com,Female,Cilangla
609,Laurena,Botley,lbotleygw@imageshack.us,Male,Kōchi-shi
610,Jose,Poncet,jponcetgx@ihg.com,Female,Nankeng
611,Rafaela,Aldersley,raldersleygy@feedburner.com,Male,Pangani
612,Lory,Chetham,lchethamgz@privacy.gov.au,Female,Daugavgrīva
613,Farra,Clementson,fclementsonh0@mail.ru,Female,São Vicente de Ferreira
614,Gillan,Jakeway,gjakewayh1@nydailynews.com,Female,Cikoneng
615,Doe,Hulk,dhulkh2@pagesperso-orange.fr,Non-binary,Obudovac
616,Nickola,Briiginshaw,nbriiginshawh3@imdb.com,Female,Jundiaí
617,Gustave,Gregr,ggregrh4@seesaa.net,Male,Reims
618,Raf,Kull,rkullh5@statcounter.com,Female,Hebian
619,Sarajane,Blackboro,sblackboroh6@netscape.com,Male,Granadero Baigorria
620,Claudette,Togwell,ctogwellh7@blogtalkradio.com,Female,Zhigalovo
621,Bale,Duer,bduerh8@sitemeter.com,Male,Lushuihe
622,Niel,Hendonson,nhendonsonh9@illinois.edu,Male,Falkenberg
623,Zebedee,Kunzelmann,zkunzelmannha@yellowpages.com,Female,Lazaro Cardenas
624,Geri,Gillanders,ggillandershb@ftc.gov,Female,Јегуновце
625,Adams,Prose,aprosehc@accuweather.com,Female,Camangcamang
626,Warren,Matson,wmatsonhd@skype.com,Female,Huancheng
627,Giustino,Rayner,graynerhe@squidoo.com,Female,Patria
628,Erastus,MacKeague,emackeaguehf@furl.net,Male,Palatine
629,Patrick,Stallon,pstallonhg@google.com,Male,Shiqian
630,Irwinn,Catlow,icatlowhh@etsy.com,Male,Ballivor
631,Matty,Hayworth,mhayworthhi@nature.com,Male,Chengxiang
632,Roth,McVicker,rmcvickerhj@yandex.ru,Male,Al Mashāf
633,Caterina,Silkston,csilkstonhk@canalblog.com,Female,Cijambe
634,Marna,Bustard,mbustardhl@sphinn.com,Female,Gunungputri
635,Olive,Igoe,oigoehm@army.mil,Female,Yanglin
636,Helyn,Khilkov,hkhilkovhn@netscape.com,Male,Union
637,Adara,Weepers,aweepersho@hibu.com,Female,Seremban
638,Tan,Cessford,tcessfordhp@studiopress.com,Male,Severomorsk
639,Amalee,Paye,apayehq@liveinternet.ru,Female,Wanying
640,Jordain,Czaja,jczajahr@github.com,Male,Yuecheng
641,Amerigo,Tharme,atharmehs@scribd.com,Female,Panjakent
642,Skipp,Hazeup,shazeupht@google.fr,Male,Catriel
643,Maison,Stieger,mstiegerhu@wsj.com,Male,Apeldoorn
644,Isa,Phette,iphettehv@ted.com,Female,Pendiqing
645,Delila,Quiddihy,dquiddihyhw@gov.uk,Female,Cravinhos
646,Rudyard,Greathead,rgreatheadhx@hud.gov,Female,San Pedro
647,Cordelia,Chatto,cchattohy@usda.gov,Female,Eláteia
648,Robin,Bridgnell,rbridgnellhz@bbc.co.uk,Female,Frolovo
649,Jeffry,Calow,jcalowi0@youtube.com,Female,Somié
650,Bendix,Hoodlass,bhoodlassi1@blogspot.com,Female,Stari Bohorodchany
651,Rosemonde,Bembrick,rbembricki2@prweb.com,Female,Lop
652,Katherine,Waddam,kwaddami3@odnoklassniki.ru,Male,Caçapava do Sul
653,Chrissie,Goodfellowe,cgoodfellowei4@ucoz.ru,Male,Kodamachō-kodamaminami
654,Benyamin,Dady,bdadyi5@statcounter.com,Male,Xinheng
655,Gerianne,Kinzett,gkinzetti6@apple.com,Bigender,Lanas
656,Angelico,Fenimore,afenimorei7@so-net.ne.jp,Female,Naji
657,Joann,Nolleth,jnollethi8@ucoz.ru,Female,Oebatu
658,Melamie,Annon,mannoni9@comsenz.com,Male,Santo Domingo de los Colorados
659,Geoffrey,Whittlesea,gwhittleseaia@boston.com,Female,Gävle
660,Sydney,Kopje,skopjeib@mozilla.com,Male,Xinmin
661,Casie,MacGiolla,cmacgiollaic@yellowbook.com,Female,Lac du Bonnet
662,Sula,MacAlpin,smacalpinid@techcrunch.com,Female,Lampa
663,Gerardo,Janny,gjannyie@ning.com,Male,La Julia
664,Mickey,Faughny,mfaughnyif@networkadvertising.org,Female,Saint-Pierre-des-Corps
665,Isa,Floodgate,ifloodgateig@psu.edu,Non-binary,Bandar-e Māhshahr
666,Nelia,Loker,nlokerih@dmoz.org,Genderfluid,Ḩukūmat-e Shīnkaī
667,Gusella,Beeck,gbeeckii@tumblr.com,Male,Shevchenkove
668,Patrica,Hallwood,phallwoodij@netlog.com,Male,Farsta
669,Rosene,Bissiker,rbissikerik@myspace.com,Agender,Baniachang
670,Ollie,Caunt,ocauntil@amazonaws.com,Female,Tegallega
671,Glyn,Schellig,gschelligim@hud.gov,Male,Yabluniv
672,Hyacinthe,Curryer,hcurryerin@unesco.org,Male,Kthella e Epërme
673,Caty,Blazejewski,cblazejewskiio@prnewswire.com,Genderfluid,Beigucheng
674,Manuel,Adamo,madamoip@macromedia.com,Female,Devitsa
675,Agnese,Lanston,alanstoniq@joomla.org,Female,Iowa City
676,Darell,Furbank,dfurbankir@unblog.fr,Female,Medveđa
677,Vincenz,Wrey,vwreyis@youtu.be,Male,Esso
678,Frasco,Tribbeck,ftribbeckit@tripadvisor.com,Male,Lyozna
679,Lou,Kubicki,lkubickiiu@state.gov,Male,Ribeira Grande
680,Vale,Brigg,vbriggiv@php.net,Female,Marihatag
681,Nikoletta,Siddaley,nsiddaleyiw@tamu.edu,Male,Vạn Giã
682,Ajay,Sieb,asiebix@csmonitor.com,Male,Villa Constitución
683,Michel,Blaxill,mblaxilliy@imgur.com,Female,Acomayo
684,Christi,Carlozzi,ccarlozziiz@freewebs.com,Female,Luxor
685,Winnifred,Blakelock,wblakelockj0@amazonaws.com,Female,Bécancour
686,Kerry,Pleming,kplemingj1@engadget.com,Male,Hashimoto
687,Shelden,Deddum,sdeddumj2@fema.gov,Polygender,Tomado
688,Armando,Stannah,astannahj3@tiny.cc,Male,Serzedo
689,Darryl,Lattos,dlattosj4@w3.org,Male,Kananya
690,Katinka,Ivanchenkov,kivanchenkovj5@shutterfly.com,Female,Aldeia de Além
691,Shelly,Abrahamovitz,sabrahamovitzj6@godaddy.com,Polygender,Jingtou
692,Audra,Camus,acamusj7@furl.net,Female,Mandala
693,Susan,Highnam,shighnamj8@opensource.org,Male,São Lourenço
694,Kele,Voice,kvoicej9@mit.edu,Male,Cimuncang
695,Netty,Preto,npretoja@vistaprint.com,Non-binary,Bojszowy Nowe
696,Ker,Kevern,kkevernjb@instagram.com,Male,Kapyl’
697,Sherm,Paydon,spaydonjc@scribd.com,Male,Dillenburg
698,Burk,Scarf,bscarfjd@sciencedaily.com,Female,Vratsa
699,Fayette,Gosart,fgosartje@yahoo.com,Male,Christiana
700,Nicholle,Grinyakin,ngrinyakinjf@cdbaby.com,Female,Sadang Kulon
701,Lanna,Kopelman,lkopelmanjg@arstechnica.com,Male,Kobuleti
702,Florella,Blader,fbladerjh@vinaora.com,Female,Pa Kham
703,Candie,Payley,cpayleyji@photobucket.com,Female,Digne-les-Bains
704,Kathi,Barter,kbarterjj@unesco.org,Male,Żabnica
705,Gerry,Cowely,gcowelyjk@businesswire.com,Female,Kristinehamn
706,Parker,Espie,pespiejl@sun.com,Female,Kawahmanuk
707,Gregory,Yellowley,gyellowleyjm@un.org,Female,Sundsvall
708,Clo,Lamont,clamontjn@mit.edu,Female,Circa
709,Louie,Myrick,lmyrickjo@blogspot.com,Male,Whittlesea
710,Kevan,Hardwidge,khardwidgejp@tinypic.com,Male,Staropavlovskaya
711,Nara,Prettyjohns,nprettyjohnsjq@newyorker.com,Male,Hoeryŏng
712,Emera,Sooley,esooleyjr@twitpic.com,Female,Duque de Caxias
713,Jamie,Krabbe,jkrabbejs@prweb.com,Male,Xinfeng
714,Lou,Mildenhall,lmildenhalljt@usgs.gov,Male,Shicheng
715,Hilary,Astie,hastieju@exblog.jp,Female,Chengjiao
716,Jervis,Thornbarrow,jthornbarrowjv@amazon.co.uk,Female,Ussel
717,Doria,Giveen,dgiveenjw@imdb.com,Female,Fengshan
718,Laure,Lehemann,llehemannjx@wufoo.com,Female,Lete
719,Lay,Tildesley,ltildesleyjy@weibo.com,Female,Cabouco
720,Sascha,Grossier,sgrossierjz@wix.com,Male,Rahayu
721,Davide,Wraight,dwraightk0@spiegel.de,Female,Jiangdong
722,Lea,Ribbon,lribbonk1@blogspot.com,Female,Rambatan
723,Ozzie,Rolin,orolink2@plala.or.jp,Bigender,Niedercorn
724,Tallou,Wiggington,twiggingtonk3@1und1.de,Female,Volary
725,Cam,Wellesley,cwellesleyk4@com.com,Female,Xianxi
726,Malachi,Drew,mdrewk5@army.mil,Male,Mākū
727,Delmor,Margrem,dmargremk6@goo.gl,Male,Lamovita
728,Noelyn,Carville,ncarvillek7@yellowbook.com,Male,Ishimbay
729,Yance,Albers,yalbersk8@behance.net,Female,Pocsi
730,Sven,Hadye,shadyek9@bbb.org,Female,Santo André
731,Didi,Aickin,daickinka@godaddy.com,Female,Vassouras
732,Vikky,Springer,vspringerkb@webmd.com,Male,Gorshechnoye
733,Adrian,De Micoli,ademicolikc@indiatimes.com,Female,Nagornyy
734,Verina,Lerer,vlererkd@geocities.com,Male,Lethbridge
735,Derek,Dunnan,ddunnanke@reuters.com,Male,Mwene-Ditu
736,Hymie,Jagg,hjaggkf@over-blog.com,Male,Bolong
737,Roselia,Beetham,rbeethamkg@vinaora.com,Female,Kabanga
738,Tan,Ketteman,tkettemankh@so-net.ne.jp,Female,Palekastro
739,Wait,Tyndall,wtyndallki@webeden.co.uk,Female,Kajar
740,Jemimah,Tutchener,jtutchenerkj@tinypic.com,Male,Kozel’shchyna
741,Millard,Mogenot,mmogenotkk@narod.ru,Male,Nangang
742,Garvey,Sabben,gsabbenkl@amazon.com,Male,Kragujevac
743,Pedro,Janatka,pjanatkakm@webs.com,Male,Youkounkoun
744,Allison,Loughney,aloughneykn@omniture.com,Male,Outeiro
745,Emmye,Wateridge,ewateridgeko@people.com.cn,Male,Sandwīp
746,Nancey,Giacobillo,ngiacobillokp@dot.gov,Male,Nong Yai
747,Aubrette,Buffy,abuffykq@mapy.cz,Male,Vysokogornyy
748,Bria,Pettifer,bpettiferkr@newsvine.com,Male,Charleville-Mézières
749,Drake,Baulch,dbaulchks@yelp.com,Male,Minji
750,Micheline,Crocken,mcrockenkt@bing.com,Male,Jiangfang
751,Consalve,Stillgoe,cstillgoeku@dion.ne.jp,Female,Manning
752,Rayna,Meakin,rmeakinkv@theatlantic.com,Male,Amsterdam Oud Zuid en Rivierenbuurt
753,Pansie,Broome,pbroomekw@4shared.com,Female,Zheleznovodsk
754,Lucien,Lissimore,llissimorekx@altervista.org,Agender,Włosienica
755,Edwin,Exley,eexleyky@usda.gov,Non-binary,Cachachi
756,Garrott,Epdell,gepdellkz@feedburner.com,Female,Deje
757,Carmine,Kiehne,ckiehnel0@dion.ne.jp,Male,Lanlongkou
758,Ursa,Sicily,usicilyl1@ucoz.ru,Male,Parnamirim
759,Farrand,Lampel,flampell2@apache.org,Male,Buldon
760,Brooke,Hansbury,bhansburyl3@imdb.com,Female,Dordrecht
761,Culley,Allder,callderl4@jalbum.net,Male,Youlan
762,Isador,Ebdon,iebdonl5@globo.com,Female,Belyye Stolby
763,Desmond,Cadwell,dcadwelll6@de.vu,Female,El Águila
764,Genevieve,Coils,gcoilsl7@oaic.gov.au,Female,Riebiņi
765,Lorelei,Hunnywell,lhunnywelll8@symantec.com,Male,Mingyue
766,Carissa,Wibrow,cwibrowl9@harvard.edu,Male,Sosnovo-Ozerskoye
767,Ashlen,Dreng,adrengla@jugem.jp,Female,Kampen (Overijssel)
768,Avrom,Lowde,alowdelb@chicagotribune.com,Female,Toyokawa
769,Liane,Bidgood,lbidgoodlc@reuters.com,Male,Périgueux
770,Benni,Thormwell,bthormwellld@jimdo.com,Female,Kota Kinabalu
771,Martin,Sparshott,msparshottle@thetimes.co.uk,Agender,Río
772,Kalvin,Sines,ksineslf@4shared.com,Male,Zhulebino
773,Rayshell,Mews,rmewslg@github.com,Male,Namballe
774,Joscelin,Calender,jcalenderlh@upenn.edu,Female,Lizhai
775,Hall,Longfellow,hlongfellowli@sina.com.cn,Female,Sapiranga
776,Sherwynd,Hatwells,shatwellslj@booking.com,Male,Deder
777,Giulietta,Maddinon,gmaddinonlk@indiatimes.com,Male,Yanzhou
778,Marna,Halesworth,mhalesworthll@seattletimes.com,Female,Fakaifou Village
779,Gusella,Blowing,gblowinglm@skyrock.com,Male,Wałcz
780,Farica,Bavidge,fbavidgeln@webs.com,Female,Stari Bar
781,Bancroft,Ausello,bausellolo@g.co,Male,Torrão
782,Kori,Kleisle,kkleislelp@naver.com,Male,Roissy Charles-de-Gaulle
783,Yalonda,Devaney,ydevaneylq@toplist.cz,Male,Albania
784,Brannon,Spadazzi,bspadazzilr@t-online.de,Female,Jiefang
785,Deb,Ivanenko,divanenkols@imageshack.us,Bigender,Boco
786,Ulrika,Cockran,ucockranlt@ca.gov,Male,Xiachu
787,Caldwell,Greguoli,cgreguolilu@cafepress.com,Female,Miguel Pereira
788,Gypsy,Cisec,gciseclv@histats.com,Male,Saint-Lô
789,Ewart,Dowdeswell,edowdeswelllw@auda.org.au,Female,Frolovo
790,Kyrstin,Scimonelli,kscimonellilx@xing.com,Male,Ipojuca
791,Vina,Brimilcombe,vbrimilcombely@bravesites.com,Female,Turbaco
792,Kassandra,Cattrell,kcattrelllz@soup.io,Male,Donja Brela
793,Cos,Cavolini,ccavolinim0@nasa.gov,Male,Nurota Shahri
794,Birch,McInulty,bmcinultym1@diigo.com,Female,Isaka
795,Chance,Organer,corganerm2@independent.co.uk,Male,Lakatnik
796,Sonnie,Tearle,stearlem3@blogs.com,Female,Longbei
797,Gabe,Attersoll,gattersollm4@baidu.com,Male,Sobral
798,Aliza,Riccardo,ariccardom5@squidoo.com,Female,Sergiyev Posad
799,Nappy,Amner,namnerm6@sciencedirect.com,Female,Shimotoda
800,Walton,Greenall,wgreenallm7@tumblr.com,Female,Moshenskoye
801,Rosalind,Bisco,rbiscom8@pagesperso-orange.fr,Male,Kihangara
802,Marylynne,McIlwrath,mmcilwrathm9@altervista.org,Female,Rosario
803,Thedric,Peregrine,tperegrinema@homestead.com,Male,Staraya Stanitsa
804,Verla,Shakesby,vshakesbymb@prlog.org,Male,Przasnysz
805,Gussie,Allingham,gallinghammc@disqus.com,Male,Kipini
806,Abrahan,Coalbran,acoalbranmd@chron.com,Female,Klippan
807,Georgena,Harfoot,gharfootme@state.tx.us,Female,Cochrane
808,Averyl,Calladine,acalladinemf@mit.edu,Female,Gali
809,Vittoria,Riolfi,vriolfimg@tiny.cc,Male,Chouto
810,Maryjo,Onge,mongemh@yahoo.co.jp,Male,Karatsu
811,Shelba,Blackburne,sblackburnemi@merriam-webster.com,Bigender,Tabinay
812,Mick,Valentelli,mvalentellimj@cmu.edu,Female,Bang Sao Thong
813,Fonsie,Rigney,frigneymk@nationalgeographic.com,Female,Rettikhovka
814,Maribeth,O'Cridigan,mocridiganml@histats.com,Polygender,Taihe Chengguanzhen
815,Charmion,Calderonello,ccalderonellomm@twitpic.com,Female,Shuangxing
816,Camala,Parcall,cparcallmn@diigo.com,Male,Sinuknipan
817,Lulita,Conyers,lconyersmo@wikia.com,Male,Xinglongquan
818,Franz,Cucuzza,fcucuzzamp@constantcontact.com,Male,Qā’en
819,Cindee,Macari,cmacarimq@cnbc.com,Bigender,Longxi
820,Perceval,Pietrusiak,ppietrusiakmr@cdc.gov,Male,Sugito
821,Borden,Gregorace,bgregoracems@hexun.com,Male,Az Zāhir
822,Yuri,Fenn,yfennmt@google.com.hk,Female,Sosnówka
823,Theodor,Tilney,ttilneymu@nps.gov,Female,Xieji
824,Duff,Sample,dsamplemv@sphinn.com,Male,Yucun
825,Darci,Coke,dcokemw@taobao.com,Female,Shah Alam
826,Damon,Cazereau,dcazereaumx@omniture.com,Male,Cipeucang
827,Marilin,Hannon,mhannonmy@constantcontact.com,Male,Nangxian
828,Faunie,Larvent,flarventmz@cpanel.net,Female,Bunigeulis
829,Meris,Grushin,mgrushinn0@diigo.com,Female,Lamalewo
830,Dom,Edgecumbe,dedgecumben1@gmpg.org,Female,Laszki
831,Felipa,Wilcocks,fwilcocksn2@friendfeed.com,Male,Shigou
832,Vanya,Shackel,vshackeln3@oakley.com,Female,Itapaci
833,Gail,Stoner,gstonern4@huffingtonpost.com,Female,West Palm Beach
834,Jacquelyn,Bearblock,jbearblockn5@imageshack.us,Male,Carabamba
835,Bev,Whelpton,bwhelptonn6@desdev.cn,Male,Enshi
836,Tove,MacCarrick,tmaccarrickn7@umn.edu,Genderfluid,Krasnoarmeysk
837,Violante,Bryden,vbrydenn8@jigsy.com,Female,Sambongpari
838,Lavena,Eickhoff,leickhoffn9@house.gov,Male,Mundybash
839,Decca,Gaffney,dgaffneyna@google.com,Male,Dudchany
840,Tome,McGaughie,tmcgaughienb@icio.us,Male,Independencia
841,Daffy,Abade,dabadenc@wordpress.org,Female,Istres
842,Robinet,Silverson,rsilversonnd@barnesandnoble.com,Female,Kanash
843,Lonnard,Groarty,lgroartyne@nbcnews.com,Female,Xinbei
844,Jarrod,Chimes,jchimesnf@gov.uk,Male,Ciudad Bolívar
845,Allison,MacLaren,amaclarenng@who.int,Male,Nakasongola
846,Marcelle,Shone,mshonenh@unicef.org,Female,Coaticook
847,Gabriellia,Trumble,gtrumbleni@usatoday.com,Male,Alvito
848,Andromache,O'Kieran,aokierannj@mtv.com,Male,Partizansk
849,Giuseppe,Upjohn,gupjohnnk@biglobe.ne.jp,Male,Quebo
850,Corrinne,Elgie,celgienl@so-net.ne.jp,Male,Klobuky
851,Cassandre,Woonton,cwoontonnm@virginia.edu,Female,Marseille
852,Sharla,Llewhellin,sllewhellinnn@gnu.org,Female,Havirga
853,Berke,Hamberston,bhamberstonno@hostgator.com,Female,Xique Xique
854,Alameda,Swancott,aswancottnp@cdbaby.com,Female,Kubachi
855,Gerry,Pim,gpimnq@jiathis.com,Polygender,Dori
856,Anatol,Postill,apostillnr@cnet.com,Male,Frontignan
857,Delaney,Vaisey,dvaiseyns@uiuc.edu,Female,Ar Rawḑ
858,Pinchas,Kingscott,pkingscottnt@tuttocitta.it,Male,Qingtong
859,Verina,Mityashev,vmityashevnu@deviantart.com,Female,Dimitrovgrad
860,Pascal,O'Corhane,pocorhanenv@house.gov,Male,Tangnanzhen
861,Shina,Hubery,shuberynw@ehow.com,Female,Yaozhuang
862,Elka,Kesteven,ekestevennx@omniture.com,Female,Parry Sound
863,Harper,Weatherhill,hweatherhillny@flickr.com,Male,Siao
864,Sanford,Scimoni,sscimoninz@icio.us,Female,Heshang
865,Miranda,Rousell,mrousello0@craigslist.org,Female,Tigre
866,Norah,Pinch,npincho1@umn.edu,Female,Chalamarca
867,Odey,McErlaine,omcerlaineo2@rediff.com,Male,Tranås
868,Jacquenetta,Krahl,jkrahlo3@wsj.com,Female,Mauren
869,Rosalia,Egdal,regdalo4@issuu.com,Female,Emnambithi-Ladysmith
870,Tawnya,Kyncl,tkynclo5@noaa.gov,Female,Caacupé
871,Ives,Kobus,ikobuso6@berkeley.edu,Genderfluid,Kaeng Khoi
872,Kelcey,Perello,kperelloo7@goodreads.com,Male,Wanglian
873,Hobie,Wye,hwyeo8@wsj.com,Male,Dū Qal‘ah
874,Nataline,Penhearow,npenhearowo9@google.com.br,Female,Liulin
875,Lorinda,Darlington,ldarlingtonoa@intel.com,Male,Santo Domingo de los Colorados
876,Merle,Graalmans,mgraalmansob@ask.com,Agender,Trambalan
877,Fancie,Kendrick,fkendrickoc@baidu.com,Agender,Buesaco
878,Heywood,Emblin,hemblinod@behance.net,Male,Phichai
879,Rob,Leishman,rleishmanoe@list-manage.com,Female,Ban Lam Luk Ka
880,Sheba,Castel,scastelof@webmd.com,Male,Cucuyagua
881,Georgeta,Ferrige,gferrigeog@bing.com,Female,Yovon
882,Lana,Hawkes,lhawkesoh@discuz.net,Male,Otoka
883,Aviva,Wherrett,awherrettoi@webeden.co.uk,Female,Adelaide Mail Centre
884,Eldin,Smaile,esmaileoj@deliciousdays.com,Female,Söderhamn
885,Hadlee,Cudd,hcuddok@biglobe.ne.jp,Male,Nato
886,Selena,Amburgy,samburgyol@wunderground.com,Polygender,Bauan
887,Richmond,Battin,rbattinom@elpais.com,Male,Shalinskoye
888,Ethelda,Favelle,efavelleon@nsw.gov.au,Agender,Yuetang
889,Evelyn,Gilli,egillioo@slashdot.org,Male,Dalupaon
890,Ogden,Gilardi,ogilardiop@upenn.edu,Female,Limoges
891,Lu,Rentz,lrentzoq@rediff.com,Agender,Hagi
892,Glenn,Mazzilli,gmazzillior@craigslist.org,Male,Burujul
893,Jasmine,Thalmann,jthalmannos@indiatimes.com,Male,Colorado Springs
894,Robinetta,Lount,rlountot@hubpages.com,Female,Sujitan
895,Jaquenetta,Saxton,jsaxtonou@mtv.com,Genderfluid,Minbu
896,Donella,Heale,dhealeov@mtv.com,Male,Bauru
897,Jerrome,Lutas,jlutasow@typepad.com,Male,Sandata
898,Leola,Hamor,lhamorox@blogs.com,Male,Zhongshan
899,Alexandrina,Pregal,apregaloy@dedecms.com,Male,Dschang
900,Timmy,Garz,tgarzoz@dropbox.com,Female,Negombo
901,Tami,Ferraraccio,tferraracciop0@yolasite.com,Bigender,Bhātpāra Abhaynagar
902,Paulina,Shimmin,pshimminp1@nyu.edu,Male,Bangkal
903,Frazer,MacGray,fmacgrayp2@google.co.uk,Male,Duqiao
904,Noelyn,Jacmard,njacmardp3@infoseek.co.jp,Female,Ash Shafā
905,Raye,Hamments,rhammentsp4@examiner.com,Female,Celendín
906,Tull,Schuricke,tschurickep5@webs.com,Male,Niedzica
907,Freedman,Saffle,fsafflep6@list-manage.com,Male,Piotrków Kujawski
908,Barnaby,Lepoidevin,blepoidevinp7@last.fm,Genderfluid,Sokobanteng
909,Roland,Rothon,rrothonp8@hexun.com,Male,Mikhaylovskoye
910,Stanislaw,Pettwood,spettwoodp9@instagram.com,Female,Kota Kinabalu
911,Brooks,Menghi,bmenghipa@creativecommons.org,Male,Cill Airne
912,Quill,Gennrich,qgennrichpb@istockphoto.com,Female,Valencia
913,Kenton,Kissack,kkissackpc@blogspot.com,Male,Murillo
914,Dolph,Tomsen,dtomsenpd@opensource.org,Female,Papilawe
915,Peirce,Tarney,ptarneype@freewebs.com,Male,Naebugis
916,Edith,Cavozzi,ecavozzipf@businesswire.com,Female,Vitória da Conquista
917,Anderea,Grimster,agrimsterpg@bigcartel.com,Female,Wentugaole
918,Nerti,Gonnely,ngonnelyph@etsy.com,Male,Nadezhda
919,Aviva,Worgan,aworganpi@hud.gov,Female,Palmito
920,Bastian,Waiton,bwaitonpj@upenn.edu,Female,Prabuty
921,Mallory,Battisson,mbattissonpk@merriam-webster.com,Male,Ngadri
922,Pollyanna,Geerits,pgeeritspl@patch.com,Female,Charleston
923,Darci,Connar,dconnarpm@flavors.me,Male,Gonghe
924,Clementia,Philippet,cphilippetpn@pinterest.com,Male,Bata Tengah
925,Linus,Greaterex,lgreaterexpo@samsung.com,Male,Moca
926,Cloris,Ades,cadespp@hao123.com,Female,Vidoši
927,Almeria,Fallon,afallonpq@woothemes.com,Female,Kosakowo
928,Moshe,Coghlin,mcoghlinpr@opera.com,Female,Gokwe
929,Jere,Gepp,jgeppps@amazon.com,Polygender,Zelenograd
930,Sheppard,Chateau,schateaupt@photobucket.com,Female,Tovačov
931,Jerrilee,Corrado,jcorradopu@quantcast.com,Male,Waso
932,Klara,Rosenthal,krosenthalpv@discovery.com,Male,Szczecin
933,Thorin,Lammie,tlammiepw@va.gov,Male,Gorbunki
934,Dorrie,Worden,dwordenpx@ucsd.edu,Male,Yunmenling
935,Sib,Turfes,sturfespy@nifty.com,Male,Kayu Agung
936,Maddy,Leathes,mleathespz@intel.com,Female,Krzeczów
937,Clotilda,Coit,ccoitq0@usa.gov,Bigender,Kota Kinabalu
938,Lothario,Kelledy,lkelledyq1@odnoklassniki.ru,Male,Tarbes
939,Brigit,Akett,bakettq2@google.es,Male,Kitcharao
940,Cleveland,Duckels,cduckelsq3@desdev.cn,Male,Koceljeva
941,Leanna,Cinavas,lcinavasq4@alexa.com,Male,Avlónas
942,Garek,Quakley,gquakleyq5@woothemes.com,Male,Wierzawice
943,Gage,Sarfass,gsarfassq6@drupal.org,Male,Yanqul
944,Hyacintha,Southouse,hsouthouseq7@gizmodo.com,Male,Shaowu
945,Lucy,Robjant,lrobjantq8@linkedin.com,Male,Yinjiaxi
946,Adolph,Oldis,aoldisq9@eventbrite.com,Agender,Jiaoxie
947,Rosie,Zamora,rzamoraqa@mozilla.org,Female,Vynohradiv
948,Terrance,Randleson,trandlesonqb@hhs.gov,Male,Santa Cruz Muluá
949,Fran,Manicom,fmanicomqc@hao123.com,Male,Torre
950,Roslyn,Vearnals,rvearnalsqd@imdb.com,Female,Nanae
951,Simone,Outridge,soutridgeqe@yelp.com,Male,Onsŏng
952,Aubrette,Bannard,abannardqf@cocolog-nifty.com,Female,Bayshint
953,Joana,Donneely,jdonneelyqg@upenn.edu,Female,Chiryū
954,Odelle,Beavers,obeaversqh@upenn.edu,Female,Obama
955,Oren,Heinzler,oheinzlerqi@theguardian.com,Female,Maluso
956,Dolorita,Fuchs,dfuchsqj@zimbio.com,Female,Bordeaux
957,Aveline,Ironmonger,aironmongerqk@washington.edu,Male,Shebalino
958,Karee,Goodlake,kgoodlakeql@imgur.com,Male,Mafraq
959,Araldo,Anniwell,aanniwellqm@symantec.com,Female,Orguz
960,Inglebert,Sclanders,isclandersqn@narod.ru,Male,Tibro
961,Pegeen,Hains,phainsqo@intel.com,Female,Rovira
962,Rodolphe,Giacomo,rgiacomoqp@comsenz.com,Genderqueer,Henglin
963,Julieta,Brownfield,jbrownfieldqq@cafepress.com,Male,Metsamor
964,Lilly,Stackbridge,lstackbridgeqr@homestead.com,Female,Kalangan
965,Sarena,Airy,sairyqs@behance.net,Male,Gornje Moštre
966,Emylee,Martinovic,emartinovicqt@walmart.com,Female,Ishqoshim
967,Marley,Jossel,mjosselqu@ebay.com,Male,Verkhniy Landekh
968,Orv,Martensen,omartensenqv@cornell.edu,Male,Kalianda
969,Eddi,Rospars,erosparsqw@goodreads.com,Female,Nghi Xuân
970,Jourdain,Haydn,jhaydnqx@nps.gov,Female,Congonhas
971,Marnia,Milesap,mmilesapqy@hibu.com,Male,Tianxing
972,Caz,Vinau,cvinauqz@ustream.tv,Male,Semiluki
973,Mireille,Tyrwhitt,mtyrwhittr0@bigcartel.com,Female,Pandansari
974,Josephine,Derisley,jderisleyr1@utexas.edu,Male,Santo Antônio da Platina
975,Jason,Hackley,jhackleyr2@ibm.com,Female,Shāhīn Dezh
976,Ailyn,Antic,aanticr3@hp.com,Female,Longshi
977,Mycah,Meffen,mmeffenr4@booking.com,Female,Tampere
978,Ebonee,Rivaland,erivalandr5@vinaora.com,Male,Jintao
979,Dee dee,Chable,dchabler6@unc.edu,Male,Tambangan
980,Chrisy,Rodway,crodwayr7@dedecms.com,Female,Padilla
981,Zak,Caron,zcaronr8@usnews.com,Female,Kaingiwa
982,Chadwick,MacAfee,cmacafeer9@paginegialle.it,Female,Mölndal
983,Rafaela,Metherell,rmetherellra@slashdot.org,Female,Kamensk-Ural’skiy
984,Aubry,Arpur,aarpurrb@un.org,Female,Ocoruro
985,Ezra,Bond,ebondrc@creativecommons.org,Male,Dezhou
986,Jillie,Stickford,jstickfordrd@cornell.edu,Genderfluid,Ţayyibat al Imām
987,Boyd,Maeer,bmaeerre@ezinearticles.com,Female,Ecilda Paullier
988,Donn,Abbie,dabbierf@accuweather.com,Male,Hengliang
989,Jasmin,Lillgard,jlillgardrg@cnet.com,Female,Milwaukee
990,Marylinda,Jolliman,mjollimanrh@51.la,Male,Chak
991,Alistair,Janz,ajanzri@marketwatch.com,Male,Dongqianhu
992,Antoinette,Rowly,arowlyrj@soundcloud.com,Male,Ambovombe
993,Fee,Le Barr,flebarrrk@walmart.com,Female,Asprángeloi
994,Madelena,Reeday,mreedayrl@nifty.com,Female,Novoye Leushino
995,Ted,Gozard,tgozardrm@sitemeter.com,Male,Hechuan
996,Nanni,Doud,ndoudrn@eepurl.com,Male,Olszówka
997,Rebbecca,Laming,rlamingro@home.pl,Female,Kuiyong
998,Alexandra,Barras,abarrasrp@ucsd.edu,Male,Mogi das Cruzes
999,Kylynn,Zimek,kzimekrq@yolasite.com,Male,Janes
1000,Ali,Tremathick,atremathickrr@eepurl.com,Female,Datun
