id,nombre,apellido,correo,sexo,ciudad
2002,Red,Haquin,rhaquin0@berkeley.edu,Female,Aleksandrów
2003,Tulley,Piggens,tpiggens1@newsvine.com,Male,Sam Roi Yot
2004,Cathie,Bevans,cbevans2@histats.com,Female,Khisarya
2005,Shane,Castagna,scastagna3@deviantart.com,Male,Banjar Desa
2006,Rafaellle,Allinson,rallinson4@linkedin.com,Female,Narew
2007,Aimil,Stoves,astoves5@php.net,Male,Samayac
2008,Arlie,Padson,apadson6@cam.ac.uk,Male,Keruguya
2009,Rosina,Cardenoza,rcardenoza7@storify.com,Male,Velká nad Veličkou
2010,Alexis,O'Rowane,aorowane8@yahoo.com,Male,Shchūchīnsk
2011,Mercy,Erie,merie9@archive.org,Male,Malanów
2012,Gwenneth,Libby,glibbya@nhs.uk,Male,Busungbiu
2013,Garret,Beecham,gbeechamb@e-recht24.de,Agender,Hecun
2014,Xavier,Blois,xbloisc@auda.org.au,Genderqueer,Rowokangkung
2015,Kalle,Storrock,kstorrockd@craigslist.org,Male,Huhe
2016,Erma,Akram,eakrame@ezinearticles.com,Male,Perpignan
2017,Xenos,Dumphry,xdumphryf@nasa.gov,Male,Cibojong
2018,Caryn,Colquete,ccolqueteg@ucoz.ru,Male,Mali Iđoš
2019,Hogan,Vasnetsov,hvasnetsovh@unicef.org,Male,Middelburg
2020,Sybilla,Gilliland,sgillilandi@earthlink.net,Male,Haquira
2021,Kenn,Walesa,kwalesaj@wiley.com,Male,Luna
2022,Alyda,Ewbach,aewbachk@spotify.com,Female,Póvoa do Valado
2023,Noami,Hulland,nhullandl@liveinternet.ru,Male,Umeå
2024,Isidore,Knatt,iknattm@freewebs.com,Male,Borås
2025,Mandi,Bracci,mbraccin@accuweather.com,Male,Parengan
2026,Burnard,Welchman,bwelchmano@cloudflare.com,Polygender,Bateria
2027,Ring,Gilogly,rgiloglyp@un.org,Female,Nový Bor
2028,Marinna,Kainz,mkainzq@oracle.com,Male,El Paraiso
2029,Elsinore,Schimpke,eschimpker@jimdo.com,Female,Cicheng
2030,Lief,Caney,lcaneys@nifty.com,Female,Khok Sung
2031,Dena,Aldcorn,daldcornt@salon.com,Agender,Kumla
2032,Jory,Palfreyman,jpalfreymanu@blogspot.com,Male,Jindong
2033,Ceciley,Svanini,csvaniniv@usgs.gov,Female,Lazeshchyna
2034,Huey,Heaven,hheavenw@fda.gov,Bigender,North Battleford
2035,Donica,Szymanek,dszymanekx@hibu.com,Male,Ciudad Bolivia
2036,Fanchon,Aleevy,faleevyy@clickbank.net,Male,Uppsala
2037,Leta,Belfitt,lbelfittz@hud.gov,Male,Sollebrunn
2038,Tommy,Chesterton,tchesterton10@businessweek.com,Genderqueer,Chornoliztsi
2039,Leela,Britzius,lbritzius11@cloudflare.com,Female,Markog
2040,Quincey,Antosik,qantosik12@latimes.com,Female,Gunungmenang
2041,Ruthe,Poulney,rpoulney13@walmart.com,Male,Pinhão
2042,Taite,Denley,tdenley14@about.com,Male,Las Flores
2043,Edie,Beeswing,ebeeswing15@surveymonkey.com,Male,Zheleznogorsk
2044,Cristian,Hinemoor,chinemoor16@squidoo.com,Male,Ḩājī Khēl
2045,Mayor,Grizard,mgrizard17@hp.com,Male,Sandefjord
2046,Putnem,Mouser,pmouser18@angelfire.com,Male,Berdyans’k
2047,Cloe,Headon,cheadon19@ox.ac.uk,Female,Xing’an
2048,Corrianne,Lownsbrough,clownsbrough1a@slashdot.org,Male,Lisewo
2049,Stanislaw,Matuszak,smatuszak1b@marriott.com,Male,Karditsomagoúla
2050,Guilbert,Mugridge,gmugridge1c@irs.gov,Female,Gaoyan
2051,Lorna,Anglim,langlim1d@nasa.gov,Female,Langpas
2052,Mohandis,Cope,mcope1e@soundcloud.com,Female,Maojia
2053,Caritta,Dobson,cdobson1f@sakura.ne.jp,Female,Hualin
2054,Sanson,Foulger,sfoulger1g@forbes.com,Male,Frontignan
2055,Catie,Antonikov,cantonikov1h@utexas.edu,Male,Yên Bái
2056,Lacy,Tebbs,ltebbs1i@slideshare.net,Male,Álli Meriá
2057,Dougie,Ketchaside,dketchaside1j@prnewswire.com,Male,Tisno
2058,Theresa,Breslauer,tbreslauer1k@delicious.com,Male,Pamarayan
2059,Dunc,Gwinn,dgwinn1l@eepurl.com,Male,Feliciano
2060,Linnea,Klarzynski,lklarzynski1m@woothemes.com,Female,Miaoling
2061,Samara,Norton,snorton1n@usgs.gov,Female,Baisha
2062,Belicia,Mayte,bmayte1o@wunderground.com,Male,Loncoche
2063,Johna,Salmoni,jsalmoni1p@examiner.com,Polygender,Shengshan
2064,Pembroke,Pane,ppane1q@yahoo.co.jp,Female,Kosh-Agach
2065,Petrina,Kasbye,pkasbye1r@e-recht24.de,Male,‘Alāqahdārī Kirān wa Munjān
2066,Noemi,Linkie,nlinkie1s@skype.com,Male,Paris 16
2067,Myrwyn,Brosi,mbrosi1t@nytimes.com,Male,Olho Marinho
2068,Mic,Thewlis,mthewlis1u@japanpost.jp,Male,Garešnica
2069,Jacky,Carder,jcarder1v@indiegogo.com,Male,Bulawayo
2070,Shannen,Ayers,sayers1w@xinhuanet.com,Female,Prnjavor
2071,Sheba,De La Haye,sdelahaye1x@shareasale.com,Female,Somovo
2072,Jarrod,Joule,jjoule1y@artisteer.com,Male,Santa Clara
2073,Ethelred,Puttrell,eputtrell1z@newyorker.com,Female,El Calvario
2074,Georgianna,Bell,gbell20@java.com,Male,Sangatta
2075,Stephanus,Blackadder,sblackadder21@youtube.com,Genderfluid,Guanajuato
2076,Pamelina,Basilotta,pbasilotta22@who.int,Female,Kafr Thulth
2077,Agace,Gettins,agettins23@issuu.com,Female,Moulay Yacoub
2078,Fianna,Eversley,feversley24@icq.com,Male,Trondheim
2079,Norma,Cornillot,ncornillot25@java.com,Female,Madīnat Ḩamad
2080,Cosetta,Filippozzi,cfilippozzi26@weather.com,Genderfluid,Khamyāb
2081,Sumner,Hane,shane27@webmd.com,Male,Coris
2082,Jaclin,Priestman,jpriestman28@google.ca,Female,Renhe
2083,Daniel,Sidle,dsidle29@miitbeian.gov.cn,Male,Fortios
2084,Brigg,Whitely,bwhitely2a@census.gov,Female,Perico
2085,Lindy,Whitfield,lwhitfield2b@example.com,Female,Maştağa
2086,Giralda,Selwood,gselwood2c@uiuc.edu,Male,Monte Azul Paulista
2087,Kelbee,Blyth,kblyth2d@sun.com,Female,Orimattila
2088,Rose,Robilart,rrobilart2e@domainmarket.com,Bigender,Ústí nad Labem
2089,Krystal,Trengove,ktrengove2f@microsoft.com,Male,Sjöbo
2090,Selby,Roblin,sroblin2g@weebly.com,Male,Picos
2091,Terence,Trembey,ttrembey2h@biglobe.ne.jp,Female,Xiting
2092,Albina,Grewe,agrewe2i@vimeo.com,Female,Jiufeng
2093,Angus,Sysland,asysland2j@sourceforge.net,Female,Tanggulangin
2094,Enrichetta,Henriques,ehenriques2k@mozilla.com,Female,Lower Hutt
2095,Broddie,Crinidge,bcrinidge2l@histats.com,Male,Skoroszyce
2096,Viv,Joe,vjoe2m@instagram.com,Female,Nama
2097,Marcela,Bigley,mbigley2n@sitemeter.com,Male,Elista
2098,Vinnie,Kibel,vkibel2o@mozilla.org,Male,Chexi
2099,Man,Dimock,mdimock2p@mapy.cz,Male,Liushun
2100,Wilden,Scarsbrick,wscarsbrick2q@engadget.com,Female,Italó
2101,Jere,Handover,jhandover2r@yellowpages.com,Male,Bengubelan
2102,Lezlie,Drinan,ldrinan2s@discovery.com,Female,Kubangkondanglapangan
2103,Alasdair,Gossington,agossington2t@wikimedia.org,Female,Manukau City
2104,Erastus,Aubry,eaubry2u@nsw.gov.au,Male,Lagawe
2105,Bart,Dominiak,bdominiak2v@google.fr,Female,Rozhnyativ
2106,Rouvin,Sprules,rsprules2w@sun.com,Male,Belmopan
2107,Sari,Vince,svince2x@omniture.com,Male,El Copey
2108,Diann,MacConnell,dmacconnell2y@icq.com,Female,Nangger
2109,Emerson,Cunnah,ecunnah2z@miitbeian.gov.cn,Female,Klimontów
2110,Kaja,Karim,kkarim30@independent.co.uk,Female,Xipu
2111,Roma,Palmer,rpalmer31@answers.com,Male,Rosaspata
2112,Chloris,Briddle,cbriddle32@aol.com,Male,Ketara
2113,Jareb,Kingshott,jkingshott33@army.mil,Male,Åtvidaberg
2114,Andras,MacMaykin,amacmaykin34@godaddy.com,Male,Seka
2115,Marti,Gudger,mgudger35@free.fr,Non-binary,San Pedro de Ycuamandiyú
2116,Krispin,Hamberston,khamberston36@state.gov,Male,Xiangshun
2117,Henriette,Camelin,hcamelin37@google.pl,Male,Camias
2118,Zebadiah,Bullers,zbullers38@lycos.com,Male,Volokonovka
2119,Sid,Dymock,sdymock39@photobucket.com,Female,Boundiali
2120,Siana,Arni,sarni3a@paypal.com,Genderqueer,Joliette
2121,Reyna,Klosser,rklosser3b@gmpg.org,Male,Arpajon
2122,Gard,Clayborn,gclayborn3c@studiopress.com,Female,Rawasan
2123,Geralda,Chatelain,gchatelain3d@fema.gov,Female,Gadingrejo
2124,Flin,Climo,fclimo3e@bbc.co.uk,Male,Argivai
2125,Sari,Gouldeby,sgouldeby3f@theglobeandmail.com,Female,Pak Chong
2126,Sawyer,Tesseyman,stesseyman3g@earthlink.net,Male,Sambirata
2127,Terrell,Konmann,tkonmann3h@weather.com,Female,Ciénaga
2128,Prentice,Kenson,pkenson3i@bizjournals.com,Female,Troyes
2129,Carine,Beedle,cbeedle3j@mayoclinic.com,Female,Bolnisi
2130,Ker,Grundwater,kgrundwater3k@hud.gov,Male,Keumala
2131,Salome,Balden,sbalden3l@census.gov,Male,Los Andes
2132,Amelia,Buxy,abuxy3m@fema.gov,Female,Šventoji
2133,Yurik,Toolin,ytoolin3n@gmpg.org,Female,Majiang
2134,Aloise,Grievson,agrievson3o@bloomberg.com,Male,Nanyang
2135,Caspar,Woodes,cwoodes3p@yolasite.com,Female,Paris 01
2136,Thatch,Mowday,tmowday3q@va.gov,Male,Drummondville
2137,Tomasine,Fauning,tfauning3r@sphinn.com,Female,Níkiti
2138,Ollie,Runchman,orunchman3s@blogtalkradio.com,Non-binary,Klukeng
2139,Perle,Brownrigg,pbrownrigg3t@quantcast.com,Female,São José do Rio Preto
2140,Moore,Behning,mbehning3u@unc.edu,Female,Sampués
2141,Amil,Walkey,awalkey3v@dmoz.org,Female,Arivonimamo
2142,Padgett,Gillum,pgillum3w@4shared.com,Male,Lhokkruet
2143,Ethelin,Haseley,ehaseley3x@scribd.com,Female,Ban Nong Wua So
2144,Mirella,Northidge,mnorthidge3y@google.com,Female,Toulouse
2145,Dannie,Machin,dmachin3z@thetimes.co.uk,Male,Bollène
2146,Tanny,Husbands,thusbands40@dailymotion.com,Male,Hushan
2147,Peirce,Skeats,pskeats41@digg.com,Female,Munde
2148,Bronnie,Atchly,batchly42@google.nl,Female,Georgīevka
2149,Jasmina,Maccrea,jmaccrea43@creativecommons.org,Female,Nakovo
2150,Tiffy,Rampton,trampton44@barnesandnoble.com,Female,Daxinshao
2151,Daphne,Downie,ddownie45@newsvine.com,Polygender,Banyuurip
2152,Daphne,Winship,dwinship46@dailymail.co.uk,Male,Cipicung
2153,Vernor,Bello,vbello47@virginia.edu,Female,Tissa
2154,Granthem,Bratten,gbratten48@microsoft.com,Female,Clarin
2155,Tabbitha,Kirrage,tkirrage49@bravesites.com,Female,Kolumbug
2156,Ringo,Andrioni,randrioni4a@fotki.com,Female,Mandangoa
2157,Marlyn,Brazear,mbrazear4b@timesonline.co.uk,Female,Oinoússes
2158,Mela,Bault,mbault4c@reverbnation.com,Female,Zhuanshui
2159,Saidee,Ashard,sashard4d@bing.com,Male,Vnanje Gorice
2160,Sherri,Ragless,sragless4e@flickr.com,Female,Ardazubre
2161,Loydie,Braidwood,lbraidwood4f@columbia.edu,Female,La Gi
2162,Theresa,Peery,tpeery4g@ftc.gov,Female,Karang Daye
2163,Ede,Filippucci,efilippucci4h@cdc.gov,Male,Sundsvall
2164,Adrianna,Gawthrop,agawthrop4i@digg.com,Male,Donglai
2165,Karim,McHan,kmchan4j@g.co,Genderfluid,Banqiao
2166,Elston,Nardrup,enardrup4k@lycos.com,Genderqueer,Kuzhorskaya
2167,Davon,Maddrell,dmaddrell4l@feedburner.com,Male,Zhouwang
2168,Keslie,Gookey,kgookey4m@jugem.jp,Female,Xibei
2169,Allianora,Grassi,agrassi4n@upenn.edu,Female,Clearwater
2170,Caitlin,Anstice,canstice4o@newsvine.com,Female,Bajram Curri
2171,Ernaline,Attwoul,eattwoul4p@usgs.gov,Female,Valcheta
2172,Cale,McCorry,cmccorry4q@drupal.org,Female,Medveđa
2173,Francesco,Cochrane,fcochrane4r@tripod.com,Male,Zlatograd
2174,Fanechka,Ayto,fayto4s@ehow.com,Genderfluid,Gagarin
2175,Leia,McCarney,lmccarney4t@prlog.org,Female,Lakeland
2176,Carlin,Roach,croach4u@google.fr,Female,Elbasan
2177,Sharia,Titlow,stitlow4v@4shared.com,Male,Maluanluan
2178,Trumaine,Kiddie,tkiddie4w@aol.com,Polygender,Hongjia
2179,Darrelle,Tyres,dtyres4x@wired.com,Female,Laiyuan
2180,Ralina,Chieco,rchieco4y@php.net,Genderqueer,Palmares
2181,Kilian,Legister,klegister4z@google.de,Male,Yangxunqiao
2182,Auria,Cranidge,acranidge50@nifty.com,Female,Hofors
2183,Renelle,Dugall,rdugall51@tiny.cc,Male,Wucun
2184,Xavier,Stork,xstork52@biblegateway.com,Non-binary,Repnoye
2185,Lucie,Hawse,lhawse53@bloglines.com,Male,Monjarás
2186,Konstance,Kyle,kkyle54@discuz.net,Female,Tallahassee
2187,Laurel,Forder,lforder55@springer.com,Male,Zahvizdya
2188,Vasili,Brockelsby,vbrockelsby56@cmu.edu,Male,Ciulu
2189,Ruttger,Turnock,rturnock57@tripadvisor.com,Female,Nungga
2190,Nita,Ilyuchyov,nilyuchyov58@umich.edu,Male,Antipino
2191,Teador,Saban,tsaban59@telegraph.co.uk,Female,Hua Sai
2192,Verge,Cobden,vcobden5a@census.gov,Male,Évora
2193,Cammi,Cornell,ccornell5b@sbwire.com,Male,Neópolis
2194,Merline,Thames,mthames5c@state.tx.us,Female,Lysychovo
2195,Foss,Littrick,flittrick5d@wired.com,Female,Mujiangping
2196,Galina,Wardley,gwardley5e@timesonline.co.uk,Male,Cucutilla
2197,Cyril,Cattonnet,ccattonnet5f@smugmug.com,Female,Pindi Gheb
2198,Martyn,Felkin,mfelkin5g@hexun.com,Female,Minggang
2199,Papageno,Goulbourn,pgoulbourn5h@pen.io,Male,Kefang
2200,Yevette,Blakden,yblakden5i@livejournal.com,Female,Koszyce Wielkie
2201,Kate,MacArdle,kmacardle5j@yahoo.co.jp,Male,Cieurih Satu
2202,Reginald,Barents,rbarents5k@biblegateway.com,Female,Ell
2203,Kathryne,Oubridge,koubridge5l@merriam-webster.com,Female,Morteros
2204,Felic,Klemensiewicz,fklemensiewicz5m@homestead.com,Male,Batulayang
2205,Gay,Garshore,ggarshore5n@spotify.com,Male,Songmuping
2206,Derrick,Lille,dlille5o@bravesites.com,Male,Zakupne
2207,Joana,Domanski,jdomanski5p@ucoz.ru,Female,Krajan Karangsari
2208,Cally,Klisch,cklisch5q@hubpages.com,Male,Merik
2209,Angele,Lethby,alethby5r@diigo.com,Female,Tuxi
2210,Honoria,Savile,hsavile5s@eventbrite.com,Female,Pljevlja
2211,Analiese,Abramovitch,aabramovitch5t@oakley.com,Female,Bang Krathum
2212,Marcy,Wones,mwones5u@ed.gov,Agender,Sumberdadi
2213,Odilia,Albro,oalbro5v@printfriendly.com,Male,Leopoldina
2214,Melody,Bonhill,mbonhill5w@reverbnation.com,Male,Cibolek Kidul
2215,Micah,Orteau,morteau5x@360.cn,Male,San Pedro Ayampuc
2216,Melissa,McKenna,mmckenna5y@joomla.org,Male,Guohe
2217,Geri,Hammill,ghammill5z@vimeo.com,Male,Konstantynów
2218,Natty,Laetham,nlaetham60@reverbnation.com,Genderfluid,Pruszków
2219,Gaspar,Milington,gmilington61@dagondesign.com,Female,Sebu
2220,Tomkin,Hewlings,thewlings62@scientificamerican.com,Female,Guohua
2221,Kandace,Simnel,ksimnel63@feedburner.com,Female,Vännäs
2222,Shaun,Denacamp,sdenacamp64@earthlink.net,Male,Boulemane
2223,Inness,Coltman,icoltman65@paypal.com,Female,Baiguo
2224,Ferdie,Fellenor,ffellenor66@usa.gov,Male,Umm Ruwaba
2225,Olenka,Rowbotham,orowbotham67@biblegateway.com,Female,Blaye
2226,La verne,Scocroft,lscocroft68@google.com.au,Male,Las Garcitas
2227,Karlotte,Buckingham,kbuckingham69@newyorker.com,Male,Sala
2228,Murielle,Keal,mkeal6a@home.pl,Female,Klwów
2229,Staffard,Stentiford,sstentiford6b@salon.com,Male,Blobo
2230,Greer,Evert,gevert6c@economist.com,Male,Hehe
2231,Ewart,Goulthorp,egoulthorp6d@washingtonpost.com,Genderqueer,Nakkila
2232,Budd,Edyson,bedyson6e@weibo.com,Genderqueer,Al Jīzah
2233,Urbain,Earl,uearl6f@zdnet.com,Female,San Bernardino
2234,Kali,Bickerstaff,kbickerstaff6g@sbwire.com,Male,Katovice
2235,Shanie,Davidofski,sdavidofski6h@berkeley.edu,Female,Vasyl'evsky Ostrov
2236,Licha,Assard,lassard6i@hud.gov,Male,Oslo
2237,Howie,Segoe,hsegoe6j@netlog.com,Male,Castanhal
2238,Skelly,Hazelgrove,shazelgrove6k@com.com,Female,Nyurba
2239,Claresta,Allabarton,callabarton6l@go.com,Female,Kyela
2240,Elwood,Charkham,echarkham6m@lycos.com,Female,Cirangkong
2241,Etta,Crat,ecrat6n@cargocollective.com,Male,Ngeru
2242,Feliks,Coverdale,fcoverdale6o@wired.com,Genderqueer,Claremont
2243,Kassi,Sermin,ksermin6p@about.me,Male,Chinandega
2244,Ede,Rohan,erohan6q@sohu.com,Female,Gävle
2245,Benoit,Espinoy,bespinoy6r@nyu.edu,Female,Bārkhān
2246,Teodor,Quenell,tquenell6s@berkeley.edu,Female,Kuzhuping
2247,Keriann,Winskill,kwinskill6t@sakura.ne.jp,Female,Skelleftehamn
2248,Tammie,Rahlof,trahlof6u@cnbc.com,Male,Ujsoły
2249,Allianora,Alekseev,aalekseev6v@webeden.co.uk,Bigender,Włoszczowa
2250,Nichols,Skein,nskein6w@mlb.com,Genderfluid,Gaiyang
2251,Jermayne,Alwen,jalwen6x@storify.com,Male,Santa Cruz das Flores
2252,Carine,Verissimo,cverissimo6y@w3.org,Male,Matumadua
2253,Lurline,Shelmerdine,lshelmerdine6z@wix.com,Male,Soweto
2254,Hephzibah,Beine,hbeine70@cisco.com,Male,Shankill
2255,Helsa,Emanuel,hemanuel71@google.pl,Female,Fundación
2256,Chevy,Orlton,corlton72@fotki.com,Male,Folques
2257,Kennie,Baumert,kbaumert73@smugmug.com,Male,Al Maşdūr
2258,Richmound,Dwerryhouse,rdwerryhouse74@bandcamp.com,Male,Kurye
2259,Rosabelle,Hayen,rhayen75@godaddy.com,Female,Krajan Baru
2260,Winfred,Dur,wdur76@e-recht24.de,Male,Rybnoye
2261,Edd,Rihosek,erihosek77@mtv.com,Male,Jembangan
2262,Bob,Blest,bblest78@multiply.com,Female,Lukavice
2263,Fabiano,Chastanet,fchastanet79@mediafire.com,Female,San Jose
2264,Tomi,Moir,tmoir7a@yelp.com,Female,Al Ḩāḑir
2265,Whitney,Dowe,wdowe7b@vistaprint.com,Female,Jiahe
2266,Gwyneth,Beals,gbeals7c@amazon.co.jp,Female,Sabanagrande
2267,Rabbi,Dearsley,rdearsley7d@hostgator.com,Male,Babakan
2268,Dulcinea,Cogswell,dcogswell7e@nih.gov,Male,Huantuo
2269,Stillmann,Packwood,spackwood7f@canalblog.com,Female,Niechanowo
2270,Martguerita,Buttwell,mbuttwell7g@hc360.com,Genderqueer,Cotabambas
2271,Jacquelin,Chaffer,jchaffer7h@mlb.com,Male,Rybinsk
2272,Johnathan,Astley,jastley7i@ezinearticles.com,Female,Tul’chyn
2273,Bamby,Bronger,bbronger7j@washington.edu,Female,Douniani
2274,Lucienne,Moline,lmoline7k@cargocollective.com,Female,Sremska Mitrovica
2275,Babita,Fearnill,bfearnill7l@com.com,Male,Molugan
2276,Alaric,Nowell,anowell7m@ycombinator.com,Male,Zuocun
2277,Berkley,Veare,bveare7n@simplemachines.org,Female,Morteros
2278,Ertha,Mirando,emirando7o@cocolog-nifty.com,Male,Lavadorinhos
2279,Glad,Lindenberg,glindenberg7p@who.int,Male,Trois-Rivières
2280,Lucilia,McLurg,lmclurg7q@vk.com,Male,Pittsburgh
2281,Cheston,Valasek,cvalasek7r@hostgator.com,Female,Yulong
2282,Edie,Patzelt,epatzelt7s@reddit.com,Female,Lugait
2283,Binni,Philippou,bphilippou7t@nps.gov,Male,Sukadana
2284,Chastity,Houlton,choulton7u@yellowpages.com,Male,Knyszyn
2285,Janey,Southcoat,jsouthcoat7v@wikia.com,Male,Aranguren
2286,Sky,Buttrum,sbuttrum7w@shinystat.com,Female,Masingbi
2287,Erroll,Attride,eattride7x@auda.org.au,Male,Jinji
2288,Jasen,Wedderburn,jwedderburn7y@mlb.com,Female,Hinthada
2289,Georgine,Saddington,gsaddington7z@sun.com,Polygender,Yongping
2290,Konrad,Bailie,kbailie80@eepurl.com,Female,Oslo
2291,Emmaline,Creasey,ecreasey81@scientificamerican.com,Female,Umm as Summāq
2292,Kristina,Sandwich,ksandwich82@uol.com.br,Male,Wysokie Mazowieckie
2293,Barret,Wintour,bwintour83@oakley.com,Male,Sarangmeduro
2294,Sadella,Goodridge,sgoodridge84@xinhuanet.com,Female,San José
2295,Percival,Daily,pdaily85@altervista.org,Genderfluid,Maxixe
2296,Kass,Andryunin,kandryunin86@rambler.ru,Female,Mboursou Léré
2297,Kym,Nevinson,knevinson87@t-online.de,Male,Stockholm
2298,Edmon,Cleobury,ecleobury88@reference.com,Male,Rotterdam postbusnummers
2299,Vivi,Voak,vvoak89@businessweek.com,Female,Tanggeung Kolot
2300,Babette,Durrance,bdurrance8a@sciencedaily.com,Female,Porto Feliz
2301,Elsinore,O'Hartnett,eohartnett8b@moonfruit.com,Female,Tatarbunary
2302,Gerladina,Lacroix,glacroix8c@indiatimes.com,Male,Ichinomiya
2303,Robena,Fake,rfake8d@foxnews.com,Female,Dordrecht
2304,Rosana,Towndrow,rtowndrow8e@drupal.org,Male,Parys
2305,Kiele,Chastanet,kchastanet8f@clickbank.net,Male,Ipoti
2306,Kelli,Cowburn,kcowburn8g@e-recht24.de,Female,Zhangjiaji
2307,Armstrong,Kittles,akittles8h@rambler.ru,Female,Al Nashmah
2308,Marget,Yearnsley,myearnsley8i@etsy.com,Bigender,Manning
2309,Avrit,Summersett,asummersett8j@51.la,Polygender,Halmstad
2310,Aharon,Gothard,agothard8k@nsw.gov.au,Male,Bahir Dar
2311,Meg,Fike,mfike8l@blogger.com,Male,Cayara
2312,Rochester,Tenpenny,rtenpenny8m@friendfeed.com,Male,Lidköping
2313,Sheba,Tessyman,stessyman8n@aol.com,Bigender,Wang Thonglang
2314,Cindra,Jeffryes,cjeffryes8o@bing.com,Male,Dengmingsi
2315,Giulia,Blunderfield,gblunderfield8p@skyrock.com,Male,Trat
2316,Merry,Gawkroge,mgawkroge8q@xing.com,Genderfluid,Mayuan
2317,Nefen,Nano,nnano8r@51.la,Male,Dandai
2318,Maurita,MacDonell,mmacdonell8s@booking.com,Female,Nosy Varika
2319,Raeann,Stoves,rstoves8t@dailymail.co.uk,Male,Kirgili
2320,Silvana,Mariel,smariel8u@msu.edu,Male,Banjarejo
2321,Eduardo,De Ambrosis,edeambrosis8v@163.com,Male,São Fidélis
2322,Kristin,Pouton,kpouton8w@wunderground.com,Male,Karolino-Buhaz
2323,Corine,O'Drought,codrought8x@clickbank.net,Male,Panite
2324,Harris,Noe,hnoe8y@ning.com,Female,Gayabaru
2325,Frank,Gertray,fgertray8z@ca.gov,Male,Fontanka
2326,Domenico,Pink,dpink90@bing.com,Male,Lubukalung
2327,Tammara,McGrae,tmcgrae91@purevolume.com,Male,Nankou
2328,Steward,Sheircliffe,ssheircliffe92@slashdot.org,Female,Al Mukallā
2329,Shae,Carthy,scarthy93@amazonaws.com,Female,Sangzhen
2330,Henrie,Creech,hcreech94@meetup.com,Female,Rio do Sul
2331,Phaedra,Kervin,pkervin95@slate.com,Genderqueer,São Bartolomeu
2332,Carry,Bellefonte,cbellefonte96@unesco.org,Female,Bajos de Haina
2333,Caria,Telfer,ctelfer97@tumblr.com,Female,Ōi
2334,My,Fredson,mfredson98@mlb.com,Female,Patos Fshat
2335,Sandor,Bendle,sbendle99@cloudflare.com,Female,Xiangshan
2336,Alix,Agent,aagent9a@wsj.com,Male,Lasusua
2337,Tricia,Golsby,tgolsby9b@facebook.com,Female,Novouzensk
2338,Tootsie,Yashnov,tyashnov9c@squidoo.com,Male,Hicksville
2339,Levey,McGaughie,lmcgaughie9d@craigslist.org,Male,Belmullet
2340,Tonya,Wathey,twathey9e@state.tx.us,Female,Janiuay
2341,Saleem,Cumo,scumo9f@sakura.ne.jp,Male,Yablochnyy
2342,Gayleen,Muncer,gmuncer9g@cargocollective.com,Male,Karabas
2343,Rania,Greenacre,rgreenacre9h@amazon.de,Female,Lleida
2344,Cornall,Stuchbery,cstuchbery9i@loc.gov,Female,Diriá
2345,Morie,Gozard,mgozard9j@sciencedirect.com,Female,Meiqi
2346,Elianora,Tipler,etipler9k@nba.com,Female,Chiguata
2347,Hilary,D'eath,hdeath9l@hp.com,Female,Banjar Buahan
2348,Filide,Geare,fgeare9m@hexun.com,Male,Xiangyun
2349,Frances,Matuszinski,fmatuszinski9n@jiathis.com,Female,Pueai Noi
2350,Pate,Brierton,pbrierton9o@wordpress.org,Male,Springfield
2351,Dorotea,Leverich,dleverich9p@meetup.com,Male,Pawłosiów
2352,Katha,Swannie,kswannie9q@google.ca,Female,Seixo de Manhoses
2353,Darsey,Duran,dduran9r@angelfire.com,Female,Bureya
2354,Diarmid,Phelps,dphelps9s@nature.com,Female,Hongling
2355,Pepe,Ivashnyov,pivashnyov9t@canalblog.com,Female,Gobernador Gálvez
2356,Arri,Guile,aguile9u@cam.ac.uk,Male,Shixi
2357,Anna,Wyrill,awyrill9v@ftc.gov,Genderfluid,Banaba
2358,Jordanna,Seabright,jseabright9w@eepurl.com,Male,Tours
2359,Sherilyn,Reyne,sreyne9x@wikipedia.org,Genderqueer,Zoumaping
2360,Tatiana,Brasse,tbrasse9y@github.io,Male,Göteborg
2361,Merl,Marven,mmarven9z@pen.io,Female,Kumagunnam
2362,Irvin,Hackley,ihackleya0@1688.com,Non-binary,Oke Iho
2363,Fleurette,Marshman,fmarshmana1@wordpress.com,Male,Guzhen
2364,Enrika,Oliphand,eoliphanda2@bandcamp.com,Male,Leticia
2365,Mallorie,Le febre,mlefebrea3@bravesites.com,Male,Mojogajeh
2366,Rhys,Pearsall,rpearsalla4@biblegateway.com,Female,Garmo
2367,Sosanna,Polkinhorn,spolkinhorna5@ifeng.com,Male,Palmas
2368,Jordan,O'Crowley,jocrowleya6@nifty.com,Female,Sruni
2369,Lemar,Hatliffe,lhatliffea7@usgs.gov,Female,Nazaré
2370,Tandi,Jerson,tjersona8@opensource.org,Male,Putre
2371,Zenia,Eouzan,zeouzana9@skype.com,Female,Douane
2372,Orazio,Panther,opantheraa@cisco.com,Female,Nikolayevskaya
2373,Cristabel,Blethin,cblethinab@gnu.org,Female,Linglong
2374,Ansell,Jell,ajellac@microsoft.com,Genderfluid,Tobi Village
2375,Robinetta,McKendry,rmckendryad@jiathis.com,Female,Nizhnyaya Tura
2376,Hoebart,Huggins,hhugginsae@craigslist.org,Male,Boršice
2377,Stephine,Creamen,screamenaf@pagesperso-orange.fr,Female,Château-Richer
2378,Rhea,Kirwood,rkirwoodag@baidu.com,Male,Wonorejo
2379,Arabela,Hoonahan,ahoonahanah@phpbb.com,Male,Íos
2380,Ivory,Robbel,irobbelai@census.gov,Non-binary,Tinghir
2381,Camile,Curedale,ccuredaleaj@nps.gov,Non-binary,Jagna
2382,Roderick,Dollin,rdollinak@smh.com.au,Female,Kalyny
2383,Clayborne,Stapleton,cstapletonal@bloglines.com,Male,Nanterre
2384,Ely,Adamoli,eadamoliam@feedburner.com,Female,Põlva
2385,Addi,Hawkslee,ahawksleean@is.gd,Male,Pingshan
2386,Zelda,Hamson,zhamsonao@shutterfly.com,Male,Angoulême
2387,Bradney,Shoebottom,bshoebottomap@cnet.com,Female,Wierzawice
2388,Mandi,Baroche,mbarocheaq@sourceforge.net,Male,Irecê
2389,Leland,Call,lcallar@pcworld.com,Polygender,Viçosa
2390,Nikolas,Borchardt,nborchardtas@naver.com,Female,Toulouse
2391,Skell,Lethbridge,slethbridgeat@google.it,Male,Seremban
2392,Olav,Bottomer,obottomerau@nhs.uk,Female,Daguma
2393,Lemar,Koopman,lkoopmanav@shareasale.com,Female,Chojnów
2394,Georgie,Harkes,gharkesaw@opera.com,Male,Dióni
2395,Stella,Reddick,sreddickax@netvibes.com,Female,Orsay
2396,Flinn,Eyer,feyeray@thetimes.co.uk,Male,Ubatã
2397,Mari,Kubes,mkubesaz@wikipedia.org,Female,Katagum
2398,Jerrilee,Loomes,jloomesb0@tiny.cc,Female,Columbus
2399,Shandie,Cloney,scloneyb1@bloglines.com,Male,Nowe Grocholice
2400,Guendolen,Minto,gmintob2@accuweather.com,Male,Potosí
2401,Wilmar,Udy,wudyb3@xinhuanet.com,Female,Ängelholm
2402,Franciskus,Kirmond,fkirmondb4@flickr.com,Male,Quartier Militaire
2403,Ethel,Chatres,echatresb5@gravatar.com,Male,Qinling Jieban
2404,Aguie,Boots,abootsb6@google.pl,Genderqueer,Sakrand
2405,Evyn,Darbyshire,edarbyshireb7@mapy.cz,Male,Fuding
2406,Roz,Montes,rmontesb8@kickstarter.com,Female,Cambridge
2407,Alexandrina,De Vere,adevereb9@businessweek.com,Male,Benzilan
2408,Erek,Mantz,emantzba@ycombinator.com,Polygender,Chengguan
2409,Ashely,Stennes,astennesbb@dion.ne.jp,Male,Labog
2410,Jen,Dunton,jduntonbc@xrea.com,Male,Gnieżdżewo
2411,Roley,Bloxham,rbloxhambd@ftc.gov,Male,Las Tejerías
2412,Elnora,Perico,epericobe@mapy.cz,Male,Yuzhno-Sukhokumsk
2413,Akim,Frankel,afrankelbf@globo.com,Male,Voskopojë
2414,Sholom,Dacks,sdacksbg@angelfire.com,Female,Tielou
2415,Harp,Ruperto,hrupertobh@cdc.gov,Male,Klippan
2416,Peirce,Mixer,pmixerbi@theglobeandmail.com,Female,Port Area
2417,Erin,Grzegorzewski,egrzegorzewskibj@people.com.cn,Female,Figueira dos Cavaleiros
2418,Gayle,Culligan,gculliganbk@jimdo.com,Female,Eydhafushi
2419,Gardy,Gratton,ggrattonbl@apple.com,Male,Watubura
2420,Franzen,Hunday,fhundaybm@cloudflare.com,Female,Kumo
2421,Elysee,Sheeres,esheeresbn@discovery.com,Female,Portland
2422,Winthrop,Shire,wshirebo@theatlantic.com,Female,Salantai
2423,Jen,Boniface,jbonifacebp@icq.com,Female,Santa Catalina Norte
2424,Suzanna,Plaister,splaisterbq@tinypic.com,Male,Wenbi
2425,Maudie,Body,mbodybr@rediff.com,Non-binary,Taobei
2426,Waylen,Bugge,wbuggebs@wordpress.com,Male,Vanves
2427,Ephrem,Lingley,elingleybt@reddit.com,Female,Baranów
2428,Mallorie,Opdenort,mopdenortbu@moonfruit.com,Male,Lewodoli
2429,Marv,Tenwick,mtenwickbv@networksolutions.com,Female,Kampokpok
2430,Maryrose,Crumbie,mcrumbiebw@state.tx.us,Male,Vales
2431,Carney,Grose,cgrosebx@hhs.gov,Male,Zelenchukskaya
2432,Wendi,Cutress,wcutressby@webeden.co.uk,Female,San Marcos de Colón
2433,Shaylynn,Antonin,santoninbz@wiley.com,Female,Baiqi
2434,Art,Cordes,acordesc0@phoca.cz,Male,Mertani
2435,Rick,Pie,rpiec1@ezinearticles.com,Female,Banjar Paangkelod
2436,Moyra,Huyge,mhuygec2@census.gov,Female,Sydney
2437,Agnella,Teligin,ateliginc3@discovery.com,Genderqueer,Berlin
2438,Casi,de Leon,cdeleonc4@is.gd,Female,Dimayon
2439,Miguel,Soane,msoanec5@diigo.com,Genderqueer,Huangbu
2440,Gwen,Freschini,gfreschinic6@xrea.com,Genderfluid,Maputsoe
2441,Niels,Shearstone,nshearstonec7@spotify.com,Male,Mercier
2442,Shurlock,Mehaffey,smehaffeyc8@statcounter.com,Male,Dolní Dunajovice
2443,Heidi,Melmoth,hmelmothc9@weather.com,Female,Mozdok
2444,Bucky,Gummie,bgummieca@webnode.com,Female,Changzhi
2445,Shelby,Kieff,skieffcb@utexas.edu,Female,Muara Dua
2446,Florian,Ahlf,fahlfcc@cnet.com,Bigender,Marinhais
2447,Gnni,Dohmann,gdohmanncd@wufoo.com,Female,Tete
2448,Terencio,Wain,twaince@alibaba.com,Male,Dawusu
2449,Boote,Dowty,bdowtycf@oakley.com,Male,Lagunas
2450,Ag,Aimeric,aaimericcg@dropbox.com,Female,Embu
2451,Sacha,Headey,sheadeych@oaic.gov.au,Male,Vadstena
2452,Tomasine,Peete,tpeeteci@comcast.net,Female,Cayenne
2453,Corinna,Pauley,cpauleycj@yolasite.com,Female,Kosmach
2454,Harlen,Varns,hvarnsck@twitpic.com,Male,Matiao
2455,Lindsey,Camolli,lcamollicl@aboutads.info,Female,Vale de Figueira
2456,Lula,Bortolazzi,lbortolazzicm@amazon.co.jp,Male,Ketovo
2457,Didi,Wix,dwixcn@google.com,Agender,Tiên Lãng
2458,Thea,Eckert,teckertco@hubpages.com,Female,Rybarzowice
2459,Enoch,Spruce,esprucecp@statcounter.com,Female,Nangalimang
2460,Jim,Coronado,jcoronadocq@ycombinator.com,Female,Az Ziyārah
2461,Bord,Gorsse,bgorssecr@archive.org,Female,Singojuruh
2462,Fred,Grigoletti,fgrigolettics@oracle.com,Female,Rabah
2463,Vic,Vagg,vvaggct@state.gov,Female,Kalenderovci Donji
2464,Dom,Pleming,dplemingcu@privacy.gov.au,Female,Fukagawa
2465,Kinny,Olrenshaw,kolrenshawcv@squidoo.com,Female,Palencia
2466,Geri,McClements,gmcclementscw@posterous.com,Female,Terara
2467,Stephi,Petkens,spetkenscx@dmoz.org,Male,Heishan
2468,Cordi,Catterall,ccatterallcy@webnode.com,Male,Štěchovice
2469,Donny,McDonell,dmcdonellcz@photobucket.com,Female,Ulashan
2470,Edi,Jedrzejewski,ejedrzejewskid0@fema.gov,Male,San Jose
2471,Laird,Veck,lveckd1@noaa.gov,Female,Łobez
2472,Rollie,Barge,rbarged2@netlog.com,Female,Líbeznice
2473,Tanney,Patterson,tpattersond3@columbia.edu,Female,Jinchuan
2474,Theodora,Heddan,theddand4@meetup.com,Male,Kutasari
2475,Marley,Oleszkiewicz,moleszkiewiczd5@theatlantic.com,Male,Ketapang
2476,Abbott,Reford,arefordd6@cdbaby.com,Female,Rey
2477,Sean,Gersam,sgersamd7@tmall.com,Female,Nam Sách
2478,Jameson,Volk,jvolkd8@skyrock.com,Bigender,Ritaebang
2479,Breena,Sherbourne,bsherbourned9@histats.com,Bigender,Otaru
2480,Klaus,Roddie,kroddieda@photobucket.com,Male,La Sarrosa
2481,Kissee,Mein,kmeindb@si.edu,Female,Port Said
2482,Hillie,Kleinholz,hkleinholzdc@yandex.ru,Female,Zhouzhuang
2483,Colline,Shackell,cshackelldd@nytimes.com,Female,Yugang
2484,Romain,Timbrell,rtimbrellde@joomla.org,Male,L'Épiphanie
2485,Corbin,Gadsden,cgadsdendf@linkedin.com,Male,Charikar
2486,Tammi,Marrow,tmarrowdg@seesaa.net,Male,Tužno
2487,Udall,Tuckie,utuckiedh@twitpic.com,Male,Jīsh
2488,Patrizia,Milward,pmilwarddi@addthis.com,Male,Shangtian
2489,Hatty,Skipping,hskippingdj@usgs.gov,Male,Dugongan
2490,Gino,Morigan,gmorigandk@tripod.com,Female,San Diego
2491,Letizia,Seger,lsegerdl@newyorker.com,Male,Weepangali
2492,Kiley,Sandiland,ksandilanddm@hp.com,Agender,Triesenberg
2493,Russ,Luckwell,rluckwelldn@prnewswire.com,Genderqueer,Topolovgrad
2494,Zach,Diggar,zdiggardo@patch.com,Female,Natitingou
2495,Sharia,Laroze,slarozedp@360.cn,Female,Huanggang
2496,Irita,Butterfield,ibutterfielddq@yandex.ru,Female,Jianli
2497,Cordi,Knowlson,cknowlsondr@economist.com,Male,Hässleholm
2498,Olympie,Balint,obalintds@mozilla.com,Male,Kuybyshevo
2499,Dosi,Bonnell,dbonnelldt@chicagotribune.com,Male,Alzamay
2500,Lian,Holtom,lholtomdu@upenn.edu,Female,Baikui
2501,Hattie,Titcom,htitcomdv@independent.co.uk,Male,Kauhava
2502,Raynor,Klement,rklementdw@intel.com,Female,Xinglong
2503,Kacie,MacRannell,kmacrannelldx@mozilla.com,Male,Goiatuba
2504,Mohandis,Tolworthie,mtolworthiedy@usnews.com,Female,Trojanów
2505,Bill,Roch,brochdz@clickbank.net,Male,Tumba
2506,Leora,Sjostrom,lsjostrome0@studiopress.com,Male,Kauit
2507,Justine,Jancar,jjancare1@discovery.com,Male,Vailoatai
2508,Travus,Stubbley,tstubbleye2@patch.com,Female,Bagratashen
2509,Sabine,Pengilly,spengillye3@shop-pro.jp,Male,Três Lagoas
2510,Derrik,Skelly,dskellye4@sitemeter.com,Female,Tanudan
2511,Bobbi,Layhe,blayhee5@posterous.com,Female,Pohrebyshche
2512,Rooney,Davidde,rdaviddee6@uiuc.edu,Genderfluid,Kajatian
2513,Aretha,Ragot,aragote7@phpbb.com,Female,Santa Elena
2514,Marybelle,Jacobowitz,mjacobowitze8@ucla.edu,Female,Goworowo
2515,Lorianna,Stuther,lstuthere9@nih.gov,Female,Anak
2516,Rodolphe,Daintrey,rdaintreyea@who.int,Female,Huangtan
2517,Phoebe,Holborn,pholborneb@earthlink.net,Female,Pellegrini
2518,Adele,Davidwitz,adavidwitzec@amazon.co.uk,Male,Obock
2519,Kimbra,Goodricke,kgoodrickeed@bbc.co.uk,Female,Bobonan
2520,Anna-diane,Totman,atotmanee@domainmarket.com,Female,Nihaona
2521,Erinna,Dallmann,edallmannef@disqus.com,Female,Chaodi
2522,Kelcy,Elegood,kelegoodeg@aol.com,Male,Pjanići
2523,Melany,Jandak,mjandakeh@foxnews.com,Male,Messina
2524,Ken,Hawkshaw,khawkshawei@cbc.ca,Genderfluid,Saint-Denis
2525,Paquito,Adess,padessej@pinterest.com,Male,Tagana-an
2526,Ddene,Persent,dpersentek@nhs.uk,Agender,Plasy
2527,Harrietta,Kidsley,hkidsleyel@myspace.com,Female,Babakan
2528,Levin,Tratton,ltrattonem@earthlink.net,Female,Sangtian
2529,Emilee,Fereday,eferedayen@cocolog-nifty.com,Non-binary,Santa Clara La Laguna
2530,Mycah,Grene,mgreneeo@slate.com,Female,Udon Thani
2531,Lukas,Van Driel,lvandrielep@prweb.com,Male,Trafaria
2532,Lonnie,Feldmesser,lfeldmessereq@elegantthemes.com,Male,As Salţ
2533,Harry,Gullefant,hgullefanter@apple.com,Male,Banī Mazār
2534,Ferdinande,Mintram,fmintrames@netvibes.com,Female,Velestíno
2535,Cameron,Georgiades,cgeorgiadeset@wordpress.com,Genderfluid,Bograd
2536,Deborah,Cordero,dcorderoeu@php.net,Female,Daji
2537,Krishnah,Cadamy,kcadamyev@ted.com,Male,Banjar Pangkungtibah Selatan
2538,Filide,Deschlein,fdeschleinew@newyorker.com,Female,Linzi
2539,Javier,Vinck,jvinckex@booking.com,Male,Pryluky
2540,Bjorn,Tothe,btotheey@meetup.com,Male,Banjar Penyalin
2541,Grayce,McPhillips,gmcphillipsez@about.me,Female,Verkh-Usugli
2542,Esteban,Withrop,ewithropf0@redcross.org,Male,La Tola
2543,Clim,Fronks,cfronksf1@amazon.de,Female,Rzozów
2544,Jackie,Swaffield,jswaffieldf2@epa.gov,Male,Sadovo
2545,Vonni,Rawsthorne,vrawsthornef3@clickbank.net,Male,Zunilito
2546,Orelie,Bouda,oboudaf4@earthlink.net,Female,Paclolo
2547,Jodie,Tyreman,jtyremanf5@pagesperso-orange.fr,Female,Baiyang
2548,Cathleen,Mabbe,cmabbef6@imageshack.us,Male,Latacunga
2549,Ray,Tremblett,rtremblettf7@discuz.net,Male,Skaryszew
2550,Isidor,Itchingham,iitchinghamf8@sohu.com,Female,Hongyanxi
2551,Casandra,Rabat,crabatf9@mapy.cz,Male,L'viv
2552,Briana,Beach,bbeachfa@yellowpages.com,Male,Ban Phai
2553,Barrie,Kennally,bkennallyfb@nytimes.com,Male,Huangjin
2554,Suellen,Lecordier,slecordierfc@google.com.au,Female,Binuangeun
2555,Kimmie,Lathbury,klathburyfd@wikipedia.org,Female,Montauban
2556,Cirilo,Asquith,casquithfe@oaic.gov.au,Non-binary,Palca
2557,Cassandre,Peeke,cpeekeff@vinaora.com,Male,Bergen
2558,Jade,Tufts,jtuftsfg@homestead.com,Female,São Manuel
2559,Vail,Cowlin,vcowlinfh@stumbleupon.com,Female,Zhuoshui
2560,Shana,Trundell,strundellfi@weibo.com,Female,Mouzourás
2561,Stuart,Leythley,sleythleyfj@un.org,Male,Camargo
2562,Wylie,Sawer,wsawerfk@vimeo.com,Female,Caratinga
2563,Rosabella,Battyll,rbattyllfl@buzzfeed.com,Male,Bantal
2564,Alix,Thombleson,athomblesonfm@miibeian.gov.cn,Male,Bahía Honda
2565,Dietrich,Forrestor,dforrestorfn@is.gd,Male,Maxu
2566,Christie,Jeanequin,cjeanequinfo@phpbb.com,Male,Loma Alta
2567,Sawyere,Bondesen,sbondesenfp@jalbum.net,Male,Vyzhnytsya
2568,Ricoriki,Pettingill,rpettingillfq@miitbeian.gov.cn,Male,Pengbu
2569,Fonzie,Dykes,fdykesfr@infoseek.co.jp,Female,Sumusţā as Sulţānī
2570,Jess,Klemke,jklemkefs@google.co.uk,Female,Los Arcos
2571,Ezequiel,Higgonet,ehiggonetft@fastcompany.com,Female,Tullinge
2572,Lyn,Brydell,lbrydellfu@xrea.com,Male,Colonia Mauricio José Troche
2573,Artus,Naulty,anaultyfv@linkedin.com,Male,Wuquan
2574,Oswell,Riddell,oriddellfw@4shared.com,Female,Xinpo
2575,Norris,Vasyunin,nvasyuninfx@mozilla.com,Female,Yangtan
2576,Adriena,Thonason,athonasonfy@lycos.com,Female,Saint-Rémy-de-Provence
2577,Erina,Pinckney,epinckneyfz@yahoo.co.jp,Agender,Zudun
2578,Ade,Atack,aatackg0@elegantthemes.com,Male,Oematnunu
2579,Adelheid,Sherwood,asherwoodg1@exblog.jp,Male,Boshchorbogh
2580,Iorgos,Geffen,igeffeng2@imdb.com,Female,Sukaratu
2581,Morganne,Mattock,mmattockg3@princeton.edu,Female,Banjar Pekandelan
2582,Cynthia,Bamforth,cbamforthg4@auda.org.au,Male,Velenje
2583,Pietro,Possell,ppossellg5@tinypic.com,Non-binary,Oyskhara
2584,Herminia,Dutnall,hdutnallg6@dion.ne.jp,Male,Wassu
2585,Kendre,Bontein,kbonteing7@icq.com,Female,Gunungkendeng
2586,Stephannie,Conti,scontig8@so-net.ne.jp,Male,Picassinos
2587,Glendon,Gheeorghie,ggheeorghieg9@bigcartel.com,Female,Hudiksvall
2588,Darb,McDirmid,dmcdirmidga@google.nl,Male,Jianyangping
2589,Chrystel,McGinty,cmcgintygb@amazon.de,Female,Serra da Silveira
2590,Nicolle,Creeghan,ncreeghangc@home.pl,Male,Gryaznovskoye
2591,Jade,Bottleson,jbottlesongd@booking.com,Genderqueer,Yuelai
2592,Talbert,Thomesson,tthomessonge@facebook.com,Male,Östersund
2593,Lib,Garmey,lgarmeygf@google.es,Female,Mętków
2594,Bax,Manilow,bmanilowgg@huffingtonpost.com,Male,Pácora
2595,Morissa,Sutcliff,msutcliffgh@live.com,Male,Shilipu
2596,Reagan,Feldmesser,rfeldmessergi@yandex.ru,Female,Louny
2597,Ashien,McNuff,amcnuffgj@hao123.com,Agender,Jaguarari
2598,Wallache,Bingham,wbinghamgk@about.me,Male,Yangying
2599,Hattie,Puncher,hpunchergl@is.gd,Male,Luleå
2600,Rodger,Souza,rsouzagm@list-manage.com,Male,Sila
2601,Auberta,Zanni,azannign@dagondesign.com,Male,Skara
2602,Sigismondo,Cellone,scellonego@lycos.com,Female,Zhizhong
2603,Valeria,McWhin,vmcwhingp@mozilla.org,Male,Pacov
2604,Bryana,Hartright,bhartrightgq@independent.co.uk,Male,Piedras
2605,Andrus,Emmens,aemmensgr@photobucket.com,Female,Bielawa
2606,Romain,Goulborn,rgoulborngs@si.edu,Female,Oliveira do Conde
2607,Coleman,Vedmore,cvedmoregt@omniture.com,Female,Cauday
2608,Carine,Hegge,cheggegu@mashable.com,Female,Los Tangos
2609,Tailor,Pladen,tpladengv@bravesites.com,Male,El Rincón
2610,Evelina,Leverton,elevertongw@netvibes.com,Female,Rego de Água
2611,Feliks,Feldharker,ffeldharkergx@yelp.com,Female,Dhaka
2612,Debor,Grieves,dgrievesgy@forbes.com,Male,Ubonratana
2613,Gilberte,Allibon,gallibongz@si.edu,Male,Pereyaslovskaya
2614,Basilius,Kenealy,bkenealyh0@theguardian.com,Female,Pakemitan
2615,Der,Marner,dmarnerh1@sakura.ne.jp,Female,Jabungsisir
2616,Bev,Washtell,bwashtellh2@godaddy.com,Male,Āwash
2617,Marina,Redsull,mredsullh3@wikipedia.org,Male,Entebbe
2618,Kellie,Shapero,kshaperoh4@nyu.edu,Female,Chaumont
2619,Zerk,Brum,zbrumh5@edublogs.org,Female,Liuhe
2620,Cullen,Durtnell,cdurtnellh6@telegraph.co.uk,Male,Gueset
2621,Giffy,Straffon,gstraffonh7@artisteer.com,Female,Aiximan
2622,Ardenia,Cowley,acowleyh8@sun.com,Male,Khiv
2623,Rodolfo,Benedit,rbenedith9@mapquest.com,Male,Tanjungsari Barat
2624,Conny,Gutsell,cgutsellha@biblegateway.com,Female,Medellin
2625,Lindsey,Guly,lgulyhb@tinyurl.com,Male,Santa Cruz del Quiché
2626,Erick,Shakesby,eshakesbyhc@icio.us,Male,Luofang
2627,Hedda,Overstone,hoverstonehd@ning.com,Female,Bangshipu
2628,Isabelita,Sussams,isussamshe@cargocollective.com,Male,Shūkat aş Şūfī
2629,Ewan,Jerisch,ejerischhf@1und1.de,Male,Santa Lucia
2630,Queenie,Clewes,qcleweshg@digg.com,Male,João Pessoa
2631,Tracie,Fuzzey,tfuzzeyhh@yahoo.com,Female,Pionerskiy
2632,Laurens,Kennett,lkennetthi@altervista.org,Female,Neochórion
2633,Jock,Benedict,jbenedicthj@ow.ly,Female,Mouquim
2634,Cy,Corzor,ccorzorhk@weibo.com,Female,Mahaplag
2635,Fiona,Crombleholme,fcrombleholmehl@ucoz.ru,Polygender,Dieppe
2636,Rubie,Clemencon,rclemenconhm@yolasite.com,Female,Longcang
2637,Claudelle,Semechik,csemechikhn@sogou.com,Male,Purwokerto
2638,Evey,Kerbler,ekerblerho@wunderground.com,Genderqueer,Karagach
2639,Darlleen,Blackden,dblackdenhp@indiatimes.com,Male,Kauswagan
2640,Udell,Kochs,ukochshq@wiley.com,Male,Fatufeto
2641,Frants,Blanche,fblanchehr@yahoo.co.jp,Male,Dębica
2642,Mollie,Dubble,mdubblehs@opensource.org,Male,Marilao
2643,Ennis,Hanney,ehanneyht@vk.com,Male,Évry
2644,Ardeen,Mallalieu,amallalieuhu@dailymail.co.uk,Female,Hengshitang
2645,Vanny,Cordon,vcordonhv@360.cn,Male,Pernå
2646,Olimpia,Dawidowitz,odawidowitzhw@naver.com,Male,Dongyong
2647,Abba,Van Hove,avanhovehx@ask.com,Female,Fushë-Muhurr
2648,Wylie,Touret,wtourethy@toplist.cz,Female,Shi’ao
2649,Ingrid,Snell,isnellhz@paypal.com,Female,Concórdia
2650,Cesare,Bestwerthick,cbestwerthicki0@comcast.net,Genderfluid,Aygezard
2651,Bud,Kewish,bkewishi1@yellowbook.com,Female,Xiangyang
2652,Allison,Dumphrey,adumphreyi2@amazonaws.com,Female,Xinxu
2653,Merline,Bree,mbreei3@dot.gov,Male,Winnica
2654,Benedetta,Revitt,brevitti4@mapy.cz,Female,Viejo Daan Banua
2655,Baryram,Tomaini,btomainii5@e-recht24.de,Female,Haocun
2656,Lora,Forshaw,lforshawi6@tripod.com,Male,Songping
2657,Barrie,MacAnellye,bmacanellyei7@google.com.hk,Male,Puno
2658,Tim,Riping,tripingi8@paypal.com,Male,Vitomarci
2659,Lennie,McMonies,lmcmoniesi9@goodreads.com,Non-binary,Banjar Bali
2660,Kristan,Fruser,kfruseria@netscape.com,Male,Aozou
2661,Glori,Flitcroft,gflitcroftib@list-manage.com,Male,Banakaja
2662,Raimundo,De Vere,rdevereic@cbc.ca,Female,Shikhazany
2663,Farrel,De Ferrari,fdeferrariid@mapquest.com,Male,Banjarwaru
2664,Darla,Liffey,dliffeyie@dagondesign.com,Male,Barusuda
2665,Fionnula,Winship,fwinshipif@vkontakte.ru,Female,Roshnik
2666,Onida,Beagen,obeagenig@fotki.com,Male,Prado
2667,Natassia,Ridpath,nridpathih@hugedomains.com,Male,San Pedro de Atacama
2668,Kile,Meneyer,kmeneyerii@mtv.com,Female,Berëzovskiy
2669,Jilleen,Parminter,jparminterij@woothemes.com,Female,Las Matas de Farfán
2670,Andrei,Gogin,agoginik@angelfire.com,Polygender,Mellieħa
2671,Valentine,Muzzi,vmuzziil@seesaa.net,Male,Ajaccio
2672,Carlo,Hamshar,chamsharim@goo.gl,Female,Itaúna
2673,Konstantine,Boyat,kboyatin@uiuc.edu,Female,Pasirpengarayan
2674,Garrott,Dmtrovic,gdmtrovicio@hibu.com,Male,Vatutino
2675,Colette,Fulleylove,cfulleyloveip@nyu.edu,Male,Jielong
2676,Kingsly,Garvin,kgarviniq@bluehost.com,Female,Panjiang
2677,Wyn,Bottby,wbottbyir@fema.gov,Female,Agua Blanca
2678,Fredia,Buckie,fbuckieis@washingtonpost.com,Female,Novi Zagreb
2679,Benito,Meates,bmeatesit@psu.edu,Male,Batuidu
2680,Garrard,Coyle,gcoyleiu@blog.com,Male,Saño
2681,Vivianna,Sprules,vsprulesiv@163.com,Female,Dhalie
2682,Lari,Crank,lcrankiw@java.com,Genderqueer,Uglegorsk
2683,Vikki,Andriulis,vandriulisix@timesonline.co.uk,Male,Barreiro
2684,Bent,Sikora,bsikoraiy@qq.com,Female,Krasnyy Kholm
2685,Idell,Kipping,ikippingiz@vinaora.com,Male,Kimhae
2686,Janene,Nutley,jnutleyj0@fotki.com,Male,Boka
2687,Kellia,Fosher,kfosherj1@shareasale.com,Male,Taoyuan
2688,Ladonna,Aynold,laynoldj2@upenn.edu,Polygender,Huangshan
2689,Clayborne,Ackwood,cackwoodj3@artisteer.com,Male,Nanhuatang
2690,Sarita,Jonczyk,sjonczykj4@shutterfly.com,Agender,Česká Skalice
2691,Penrod,Rouff,prouffj5@yellowpages.com,Male,Quimbaya
2692,Catarina,Turbayne,cturbaynej6@weibo.com,Female,Busdi
2693,Phyllis,Brosetti,pbrosettij7@europa.eu,Non-binary,Dashi
2694,Stefania,Extill,sextillj8@shareasale.com,Female,Mercaderes
2695,Lon,Huge,lhugej9@unblog.fr,Male,Babahoyo
2696,Carlina,Borer,cborerja@ebay.com,Female,Aracataca
2697,Doretta,Woodbridge,dwoodbridgejb@exblog.jp,Female,Guaramirim
2698,Wilie,Mattinson,wmattinsonjc@nature.com,Male,Lena
2699,Annetta,Wentworth,awentworthjd@go.com,Female,Tasikona
2700,Rosalyn,Olivi,rolivije@google.ca,Female,Nevinnomyssk
2701,Deerdre,Dongate,ddongatejf@jalbum.net,Male,Kitob
2702,Carolin,Blacksell,cblackselljg@barnesandnoble.com,Female,Cimaung Kidul
2703,Jayne,Giovannazzi,jgiovannazzijh@fotki.com,Female,Viljoenskroon
2704,Charlton,Westphalen,cwestphalenji@oaic.gov.au,Agender,Sarreguemines
2705,Nikos,Georgeot,ngeorgeotjj@youtu.be,Female,Sitajara
2706,Aylmer,Griffen,agriffenjk@irs.gov,Female,Tralee
2707,Dennet,Reese,dreesejl@reuters.com,Female,Ngô Đồng
2708,Hatti,Bascomb,hbascombjm@sfgate.com,Male,Jinxiang
2709,Padget,De Hoogh,pdehooghjn@pen.io,Genderqueer,Huangtian
2710,Rickey,Pury,rpuryjo@goo.gl,Female,Spasskoye
2711,Lilla,Tomich,ltomichjp@vk.com,Agender,Xinyuan
2712,Bayard,Wollers,bwollersjq@ucsd.edu,Male,Årsta
2713,Freddie,Rojel,frojeljr@squarespace.com,Female,Lingdi
2714,Isabella,Luttgert,iluttgertjs@miibeian.gov.cn,Male,Omīdcheh
2715,Katya,Yandle,kyandlejt@ft.com,Female,Budenovetc
2716,Mel,Ciani,mcianiju@google.co.jp,Male,Rancakole
2717,Eliot,Ocklin,eocklinjv@wikimedia.org,Male,Oliveira
2718,Kariotta,Blaby,kblabyjw@google.es,Non-binary,Youkounkoun
2719,Merrielle,Bevans,mbevansjx@samsung.com,Male,Sukorejo
2720,Jeanne,Towhey,jtowheyjy@moonfruit.com,Genderfluid,Leribe
2721,Diahann,Carnduff,dcarnduffjz@hubpages.com,Male,Barice
2722,Elyse,Draye,edrayek0@apple.com,Female,Janakkala
2723,Anson,Moger,amogerk1@surveymonkey.com,Female,Tola
2724,Heath,Wildish,hwildishk2@ox.ac.uk,Female,Pobé
2725,Woodie,Rubinovitch,wrubinovitchk3@comcast.net,Male,Poxin
2726,Jeremie,Reggler,jregglerk4@123-reg.co.uk,Female,Doetinchem
2727,Sabina,Rickasse,srickassek5@people.com.cn,Male,Shuangqiao
2728,Yurik,McMillian,ymcmilliank6@omniture.com,Male,Pilcomay
2729,Celeste,Rasmus,crasmusk7@dagondesign.com,Female,Bantog
2730,Timmie,Colliss,tcollissk8@seesaa.net,Male,Yilan
2731,Logan,Dowyer,ldowyerk9@sfgate.com,Male,Kushnytsya
2732,Wit,Karlsson,wkarlssonka@chron.com,Male,Łobodno
2733,Elbert,Petow,epetowkb@guardian.co.uk,Male,Puerto de Nutrias
2734,Merwin,Arthurs,marthurskc@photobucket.com,Female,Sanlanbahai
2735,Kerby,Coules,kcouleskd@wsj.com,Male,Lagoa de Albufeira
2736,Evvy,Packman,epackmanke@yelp.com,Female,Wesoła
2737,Dunstan,Tonks,dtonkskf@china.com.cn,Female,Namora
2738,Korney,Geistbeck,kgeistbeckkg@multiply.com,Female,Damnica
2739,Kevina,Aleksic,kaleksickh@yahoo.co.jp,Male,Landivisiau
2740,Charil,Phil,cphilki@state.tx.us,Polygender,Bayanan
2741,Dena,Lowne,dlownekj@simplemachines.org,Female,Corujeira
2742,Selia,Gariff,sgariffkk@ustream.tv,Male,Zhuhe
2743,Dougie,Townley,dtownleykl@about.com,Male,Batudulang
2744,Lurleen,Orbell,lorbellkm@themeforest.net,Male,Tanggung
2745,Jsandye,Urwin,jurwinkn@squarespace.com,Male,Sanana
2746,Buckie,Fawthorpe,bfawthorpeko@boston.com,Female,Seraya
2747,Dael,Flucker,dfluckerkp@usda.gov,Female,Toulouse
2748,Cort,Dasent,cdasentkq@wisc.edu,Female,Lelystad
2749,Denise,Hunnam,dhunnamkr@unblog.fr,Genderqueer,Khamis Mushait
2750,Lory,Casol,lcasolks@aboutads.info,Female,Yunxi
2751,Wenonah,Cejka,wcejkakt@indiatimes.com,Female,Capandanan
2752,Catlee,Bohlsen,cbohlsenku@wiley.com,Male,Mochishche
2753,Antony,Alder,aalderkv@nbcnews.com,Female,Narita
2754,Dacey,Asquez,dasquezkw@dmoz.org,Male,Sungairaya
2755,Oralee,Tortoishell,otortoishellkx@dot.gov,Male,Sabanitas
2756,Roch,Nappin,rnappinky@weather.com,Male,Dayr Sāmit
2757,Adelind,Clinnick,aclinnickkz@economist.com,Male,Huangliu
2758,Ashlen,Samwell,asamwelll0@sina.com.cn,Female,Comal
2759,Rahal,Blampey,rblampeyl1@sciencedirect.com,Female,Poniklá
2760,Gerianna,Parslow,gparslowl2@omniture.com,Male,Seversk
2761,Rollo,Bretherton,rbrethertonl3@wufoo.com,Female,Huakoulongtan
2762,Lolly,Eyres,leyresl4@comcast.net,Male,Tumaco
2763,Gerrilee,Nicol,gnicoll5@netscape.com,Male,Xiadian
2764,Trudi,Hauxley,thauxleyl6@jalbum.net,Female,Jamaica
2765,Meghann,Dales,mdalesl7@chicagotribune.com,Male,Vigan
2766,Will,Priel,wpriell8@discuz.net,Female,Caxambu
2767,Brita,Lillford,blillfordl9@meetup.com,Male,Javānrūd
2768,Tori,Shadfourth,tshadfourthla@geocities.jp,Female,Privlaka
2769,Jeannette,Strike,jstrikelb@cornell.edu,Non-binary,Merik
2770,Seka,Petyt,spetytlc@scientificamerican.com,Genderfluid,Chengyang
2771,Kendrick,Cousens,kcousensld@guardian.co.uk,Male,Phitsanulok
2772,Lou,Munnery,lmunneryle@cmu.edu,Male,Kinkala
2773,Evangeline,Joye,ejoyelf@msn.com,Female,Babakan
2774,Erica,Howgego,ehowgegolg@abc.net.au,Male,Fermont
2775,Orv,Fronzek,ofronzeklh@state.gov,Genderfluid,Utsunomiya-shi
2776,Kayla,Pratley,kpratleyli@rediff.com,Male,Pho Thong
2777,Britni,Zimmermeister,bzimmermeisterlj@rakuten.co.jp,Female,Solok
2778,Bettye,Brand-Hardy,bbrandhardylk@nyu.edu,Male,Kortowo
2779,Glynn,Darlow,gdarlowll@nifty.com,Male,Rio Formoso
2780,Gerti,Dykes,gdykeslm@comsenz.com,Female,Mpophomeni
2781,Fritz,Fendlow,ffendlowln@chron.com,Agender,Mabu
2782,Randie,Ingamells,ringamellslo@usgs.gov,Female,Folques
2783,Carolann,Eveling,cevelinglp@taobao.com,Male,Jajawai
2784,Base,Priddle,bpriddlelq@tamu.edu,Female,Mineralni Bani
2785,Dotty,Tall,dtalllr@sitemeter.com,Male,Igrejinha
2786,Mame,Pedersen,mpedersenls@free.fr,Male,Sanli
2787,Giraldo,Walrond,gwalrondlt@joomla.org,Male,Ejido
2788,Jeramey,Ransom,jransomlu@gizmodo.com,Female,Mīrābād
2789,Ardelle,Espadas,aespadaslv@mayoclinic.com,Bigender,Aimadamodo
2790,Leandra,MacAirt,lmacairtlw@google.com.hk,Male,Zhendu
2791,Che,Mansfield,cmansfieldlx@networkadvertising.org,Polygender,Gerdu
2792,Alden,Hearsey,ahearseyly@auda.org.au,Male,Öndörhoshuu
2793,Laurice,Dewi,ldewilz@wix.com,Male,Haradok
2794,Neille,Hayers,nhayersm0@cisco.com,Bigender,Wuyun
2795,Bent,Galway,bgalwaym1@nih.gov,Female,Kurumkan
2796,Tallou,Adamovitz,tadamovitzm2@smugmug.com,Polygender,Santana
2797,Gilberte,Aughtie,gaughtiem3@google.nl,Male,Narok
2798,Conroy,Liddall,cliddallm4@economist.com,Male,Longshe
2799,Bobbie,Ericssen,bericssenm5@simplemachines.org,Male,Chefchaouene
2800,Heinrick,Yanyushkin,hyanyushkinm6@nymag.com,Genderqueer,Sandur
2801,Steffane,De Cruz,sdecruzm7@sbwire.com,Female,Garibaldi
2802,Betty,Olivas,bolivasm8@linkedin.com,Female,Fengchan
2803,Tanney,Truckett,ttruckettm9@sina.com.cn,Female,Karangwungu Lor
2804,Kakalina,Loncaster,kloncasterma@reference.com,Male,Guéret
2805,Janith,Baylay,jbaylaymb@prweb.com,Male,Marseille
2806,Nerta,Playden,nplaydenmc@economist.com,Female,Jincheng
2807,Ave,Mosson,amossonmd@ning.com,Female,Maradabangga
2808,Ameline,Freckingham,afreckinghamme@clickbank.net,Polygender,Beizhuang
2809,Petronella,Garwill,pgarwillmf@columbia.edu,Non-binary,Ñuñoa
2810,Deedee,Lorking,dlorkingmg@chron.com,Male,Keetmanshoop
2811,Sheff,Bulman,sbulmanmh@com.com,Male,Kaoshan
2812,Quint,Maleney,qmaleneymi@independent.co.uk,Genderfluid,Zhengcun
2813,Nikki,McKiernan,nmckiernanmj@xrea.com,Female,Ouzini
2814,Albertine,Cale,acalemk@4shared.com,Female,Tanzybey
2815,Syd,Hrycek,shrycekml@cam.ac.uk,Male,Maomiaoji
2816,Nevile,Chittey,nchitteymm@vinaora.com,Male,Triesenberg
2817,Amby,Manilo,amanilomn@cmu.edu,Female,Perho
2818,Bette,Bernakiewicz,bbernakiewiczmo@devhub.com,Female,Croix
2819,Margo,Daville,mdavillemp@surveymonkey.com,Genderfluid,Cuito
2820,Brandyn,Earthfield,bearthfieldmq@bloglines.com,Male,Cachadinha
2821,Shela,Springtorp,sspringtorpmr@yahoo.co.jp,Male,Piura
2822,Case,Fidian,cfidianms@naver.com,Female,Shisandaogou
2823,Hilton,Cromack,hcromackmt@cdbaby.com,Male,Örnsköldsvik
2824,Lindsey,Ansteys,lansteysmu@surveymonkey.com,Male,Casilda
2825,Dagmar,O'Lunney,dolunneymv@youtu.be,Female,Oeleon
2826,Irv,Tatterton,itattertonmw@miitbeian.gov.cn,Female,Chuanpu
2827,Nelle,Charpin,ncharpinmx@zdnet.com,Female,Norrköping
2828,Rosabelle,Diglin,rdiglinmy@earthlink.net,Female,Longos
2829,Vevay,Copplestone,vcopplestonemz@ed.gov,Female,Shenzhong
2830,Cynthie,Duns,cdunsn0@fda.gov,Female,Nam Khun
2831,Lucian,Limpricht,llimprichtn1@addthis.com,Female,Bacacay
2832,Brigham,Gaskal,bgaskaln2@ameblo.jp,Female,Gaozhou
2833,Malissia,Lutzmann,mlutzmannn3@drupal.org,Male,Qorao’zak
2834,Hazel,Farlambe,hfarlamben4@virginia.edu,Bigender,Avelinha
2835,Nigel,Silvers,nsilversn5@cornell.edu,Female,Linstead
2836,Robinetta,Doylend,rdoylendn6@ox.ac.uk,Male,El Pardo
2837,Arman,Frith,afrithn7@tmall.com,Male,Piraju
2838,Becki,Leyburn,bleyburnn8@istockphoto.com,Male,Zlechov
2839,Christin,Leith,cleithn9@jigsy.com,Female,Dayr Dibwān
2840,Kory,Arch,karchna@vimeo.com,Female,Harbin
2841,Piper,Barstock,pbarstocknb@deliciousdays.com,Female,San Agustin
2842,Cass,Bosden,cbosdennc@state.tx.us,Male,Dabai
2843,Ramsay,Underwood,runderwoodnd@china.com.cn,Male,Ovsyanka
2844,Igor,Dowse,idowsene@woothemes.com,Male,Shouyan
2845,Pietro,Livoir,plivoirnf@adobe.com,Female,Den Haag
2846,Orville,Hassin,ohassinng@weather.com,Male,Amor
2847,Spense,Sollars,ssollarsnh@thetimes.co.uk,Male,Basoko
2848,Lyssa,Grahlman,lgrahlmanni@jiathis.com,Female,Beijiang
2849,Almire,Whitney,awhitneynj@auda.org.au,Female,Namora
2850,Selestina,Bruneton,sbrunetonnk@twitter.com,Male,Chłapowo
2851,Berry,Stoacley,bstoacleynl@fc2.com,Male,Tertek
2852,Stinky,Plampeyn,splampeynnm@spotify.com,Female,La Unión
2853,Kristine,Ollie,kollienn@nsw.gov.au,Male,Made
2854,Stern,Bartel,sbartelno@ihg.com,Female,Hekou
2855,Ira,Domb,idombnp@ftc.gov,Female,Binafun
2856,Ralf,Denkel,rdenkelnq@over-blog.com,Female,Motupe
2857,Saree,Fenech,sfenechnr@linkedin.com,Male,Penteado
2858,Oswald,Caunce,ocauncens@com.com,Female,Madīnat Sittah Uktūbar
2859,Ninnetta,Quantrell,nquantrellnt@nsw.gov.au,Male,Uripa
2860,Silvie,Harraway,sharrawaynu@skype.com,Female,Macklin
2861,Darnall,Keppie,dkeppienv@is.gd,Male,Philadelphia
2862,Peggy,Esselin,pesselinnw@shareasale.com,Female,Pont Cassé
2863,Reinold,Fiveash,rfiveashnx@123-reg.co.uk,Male,Qunsheng
2864,Iggy,Lauritzen,ilauritzenny@opera.com,Male,Shelopugino
2865,Seth,Petyt,spetytnz@hc360.com,Female,Kota Kinabalu
2866,Lauren,Growcock,lgrowcocko0@oracle.com,Male,Phichai
2867,Clair,Gorton,cgortono1@yelp.com,Male,Brzączowice
2868,Barnard,Oakshott,boakshotto2@a8.net,Male,Keren
2869,Pam,Proschke,pproschkeo3@php.net,Female,Cartí Suitupo
2870,Wandis,Gainsboro,wgainsboroo4@usgs.gov,Female,Yershov
2871,Way,Sorby,wsorbyo5@nature.com,Female,Xiting
2872,Humphrey,Wynter,hwyntero6@youtu.be,Female,Kushelevka
2873,Dukey,Burmaster,dburmastero7@com.com,Female,Xinglongquan
2874,Norine,Sinclar,nsinclaro8@cnbc.com,Female,Meghrashen
2875,Joell,Proswell,jproswello9@gov.uk,Male,Khallat Ḩamāmah
2876,Alissa,Farnish,afarnishoa@china.com.cn,Female,Sovetsk
2877,Maryellen,Albion,malbionob@cocolog-nifty.com,Male,La Ligua
2878,Ingemar,Langlais,ilanglaisoc@domainmarket.com,Female,Wau
2879,Nariko,Cargill,ncargillod@auda.org.au,Male,Quitilipi
2880,Kaela,Lakenton,klakentonoe@bloglovin.com,Female,Thanh Khê
2881,Mirilla,Manketell,mmanketellof@whitehouse.gov,Female,Contraalmirante Cordero
2882,Reilly,Cockarill,rcockarillog@apache.org,Non-binary,Thanatpin
2883,Codi,Boscher,cboscheroh@tiny.cc,Male,Dzuunmod
2884,Carin,Fairney,cfairneyoi@hp.com,Male,Kovářov
2885,Austina,Firidolfi,afiridolfioj@engadget.com,Male,Ipauçu
2886,Reinaldos,Tranmer,rtranmerok@jiathis.com,Female,Lop Buri
2887,Polly,O'Shevlan,poshevlanol@shop-pro.jp,Male,Coolock
2888,Viole,Kehir,vkehirom@creativecommons.org,Female,Nemby
2889,Galven,Podbury,gpodburyon@google.co.jp,Male,Pingle
2890,Vita,Rigolle,vrigolleoo@paginegialle.it,Male,Rasskazovo
2891,Pate,MacNeilly,pmacneillyop@miibeian.gov.cn,Male,Sam Ngam
2892,Jdavie,Bibb,jbibboq@ibm.com,Male,Stockholm
2893,Valencia,Odd,voddor@t.co,Female,Toulouse
2894,Roarke,Millson,rmillsonos@slate.com,Male,Khudoyelanskoye
2895,Gretta,Collidge,gcollidgeot@cnbc.com,Female,Amparafaravola
2896,Nicolette,Jacques,njacquesou@printfriendly.com,Genderqueer,Necoclí
2897,Amalia,Robbins,arobbinsov@engadget.com,Female,Pingshan
2898,Benjamin,Dixcey,bdixceyow@skype.com,Female,Jubung
2899,Raye,Limeburn,rlimeburnox@berkeley.edu,Female,Semang
2900,Kelby,Bleiman,kbleimanoy@hostgator.com,Male,Huayang
2901,Sanders,Parlett,sparlettoz@archive.org,Female,Dajin
2902,Renate,Union,runionp0@utexas.edu,Male,Baoxing
2903,Christy,Ellph,cellphp1@nationalgeographic.com,Male,Tungol
2904,Keene,Horley,khorleyp2@tinypic.com,Female,Nihaona
2905,Indira,Meneo,imeneop3@google.nl,Male,San Ramón
2906,Irv,Chown,ichownp4@blinklist.com,Polygender,Centenary
2907,Amandy,Forton,afortonp5@parallels.com,Female,Cañete
2908,Revkah,McPeck,rmcpeckp6@posterous.com,Agender,Sundsvall
2909,Natal,Ruf,nrufp7@nyu.edu,Female,Vrachnaíika
2910,Derward,Sammon,dsammonp8@moonfruit.com,Female,Phoenix
2911,Seana,Kenan,skenanp9@edublogs.org,Female,Thio
2912,Lenci,Wootton,lwoottonpa@wsj.com,Female,Kasulu
2913,Cymbre,Bento,cbentopb@topsy.com,Male,Stockholm
2914,Bryant,Granger,bgrangerpc@discovery.com,Female,Belfast
2915,Lyndsey,Norwell,lnorwellpd@goo.gl,Bigender,Kostyantynivka
2916,Catlin,Syddie,csyddiepe@unc.edu,Female,Idritsa
2917,Daisi,Alven,dalvenpf@livejournal.com,Male,Cotahuasi
2918,Zebedee,Grigoryev,zgrigoryevpg@is.gd,Male,Mariental
2919,Rafaello,Straneo,rstraneoph@msu.edu,Male,Dobre
2920,Allyn,Laverick,alaverickpi@lulu.com,Male,Bantal
2921,Nichols,Donke,ndonkepj@slate.com,Male,Shuangyuan
2922,Donnamarie,Roughsedge,droughsedgepk@blog.com,Genderfluid,Doumen
2923,Crichton,McCathie,cmccathiepl@tumblr.com,Female,Zhongxian
2924,Nyssa,Stolli,nstollipm@abc.net.au,Female,Karangpapak
2925,Shell,MacFie,smacfiepn@vinaora.com,Male,São Joaquim
2926,Percy,Blowin,pblowinpo@jalbum.net,Female,Armenia
2927,Kariotta,Domico,kdomicopp@domainmarket.com,Male,Millau
2928,Suzanne,Filpo,sfilpopq@berkeley.edu,Male,Komysh-Zorya
2929,Bret,Lonergan,blonerganpr@nyu.edu,Male,Lumbardhi
2930,Stewart,Neissen,sneissenps@amazon.de,Polygender,Mehona
2931,Ahmed,Hassell,ahassellpt@jalbum.net,Male,Ticllos
2932,Gael,Brocking,gbrockingpu@wp.com,Male,Karelichy
2933,Harlene,Mallinar,hmallinarpv@japanpost.jp,Male,Enyerhyetykaw
2934,Agata,Lowell,alowellpw@alexa.com,Female,Baraguá
2935,Fionnula,Yglesias,fyglesiaspx@webeden.co.uk,Male,Yantan
2936,Corby,Singleton,csingletonpy@bigcartel.com,Male,Eksjö
2937,Flossie,Fountain,ffountainpz@bbb.org,Female,Qiaolin
2938,Raynor,Philipet,rphilipetq0@cnet.com,Female,Pingyao
2939,Collin,Coenraets,ccoenraetsq1@wiley.com,Female,Ōarai
2940,Mendel,Giorgeschi,mgiorgeschiq2@yahoo.co.jp,Male,Bobowo
2941,Arlene,Lucian,alucianq3@devhub.com,Male,Kumagaya
2942,Jelene,McGorley,jmcgorleyq4@state.gov,Male,Punaauia
2943,Robinia,Drake,rdrakeq5@miibeian.gov.cn,Female,Sumberkindagan
2944,Sherline,Pressman,spressmanq6@exblog.jp,Non-binary,Yangxiang
2945,Gratia,Barnet,gbarnetq7@ucoz.com,Female,Yanxi
2946,Hesther,Jillis,hjillisq8@blogger.com,Genderqueer,Sawin
2947,Kris,Buckell,kbuckellq9@cbc.ca,Female,Henggang
2948,Josy,Adrian,jadrianqa@hhs.gov,Male,Kadusimbar
2949,Helen-elizabeth,Lagneaux,hlagneauxqb@microsoft.com,Male,Landskrona
2950,Radcliffe,Ealden,realdenqc@goo.ne.jp,Male,Gävle
2951,Malvina,Capin,mcapinqd@eventbrite.com,Male,Emiliano Zapata
2952,Lucie,Poker,lpokerqe@yandex.ru,Female,Örebro
2953,Sandi,Ondrus,sondrusqf@arizona.edu,Female,Pau
2954,Crista,Mullen,cmullenqg@ca.gov,Polygender,Butha-Buthe
2955,Nathanil,Moquin,nmoquinqh@1688.com,Female,Maoqitun
2956,Damien,Choke,dchokeqi@ihg.com,Agender,Guanchao
2957,Antone,Hastings,ahastingsqj@toplist.cz,Female,Zhamog
2958,Forbes,Leeburn,fleeburnqk@symantec.com,Female,Balud
2959,Gabrila,Heinsen,gheinsenql@google.com.hk,Female,Novokuybyshevsk
2960,Becki,Albro,balbroqm@github.com,Male,Luxi
2961,Charmane,Jedrychowski,cjedrychowskiqn@jigsy.com,Bigender,Maunatlala
2962,Vladamir,Ashtonhurst,vashtonhurstqo@nbcnews.com,Male,Novalja
2963,Devan,Romke,dromkeqp@epa.gov,Female,Philadelphia
2964,Dan,Bembrick,dbembrickqq@freewebs.com,Agender,Nor Yerznka
2965,Jarib,Dykins,jdykinsqr@squidoo.com,Female,Morelos
2966,Moses,Fewings,mfewingsqs@dropbox.com,Non-binary,Marzhing
2967,Lavena,Heffy,lheffyqt@ifeng.com,Male,Orange
2968,Alasteir,Scott,ascottqu@360.cn,Female,Pudasjärvi
2969,Rupert,Feehely,rfeehelyqv@topsy.com,Male,Lyubeshiv
2970,Gasparo,Pickburn,gpickburnqw@twitpic.com,Male,Luoluopu
2971,Stafford,Clynmans,sclynmansqx@msu.edu,Female,Kansas City
2972,Emery,Corkish,ecorkishqy@slate.com,Female,Piasek
2973,Judie,Robinson,jrobinsonqz@dropbox.com,Female,Lumil
2974,Jandy,Yacobsohn,jyacobsohnr0@mozilla.com,Male,Jacksonville
2975,Almeta,Simkin,asimkinr1@engadget.com,Female,Vila Chã
2976,Catriona,Pittson,cpittsonr2@cloudflare.com,Male,Dahongmen
2977,Andriana,Suggate,asuggater3@yelp.com,Polygender,'s-Hertogenbosch
2978,Jacquelyn,Arthan,jarthanr4@hubpages.com,Female,Semampir
2979,Nikolaos,Gauge,ngauger5@w3.org,Male,Madolenihm Municipality Government
2980,Ermengarde,Guitt,eguittr6@rediff.com,Female,Silao
2981,Layton,Wadman,lwadmanr7@ted.com,Female,Karpushikha
2982,Etti,Davitashvili,edavitashvilir8@tripadvisor.com,Female,Kotabaru
2983,Dulciana,Largan,dlarganr9@dropbox.com,Female,Al Jawf
2984,Chryste,Smithen,csmithenra@virginia.edu,Female,Jabłonica Polska
2985,Humbert,Antonognoli,hantonognolirb@huffingtonpost.com,Male,Āshtīān
2986,Dionisio,Whisker,dwhiskerrc@com.com,Female,Nkove
2987,Obed,Kleingrub,okleingrubrd@goo.ne.jp,Male,Suozhen
2988,Larine,Boule,lboulere@ning.com,Female,Princeville
2989,Nollie,Riggulsford,nriggulsfordrf@sun.com,Female,Wucun
2990,Phil,Cuell,pcuellrg@google.it,Male,Sumberejo
2991,Lavina,Caffin,lcaffinrh@posterous.com,Male,Palma De Mallorca
2992,Lisa,Korn,lkornri@feedburner.com,Male,Peimei
2993,Park,Redan,predanrj@tamu.edu,Male,Robertsfors
2994,Roberta,Gildersleaves,rgildersleavesrk@myspace.com,Male,Cumanayagua
2995,Nanny,Martinet,nmartinetrl@smugmug.com,Male,Sampangan
2996,Sigmund,Jillins,sjillinsrm@shareasale.com,Female,Baz
2997,Aaren,Tassel,atasselrn@usa.gov,Female,Gwaram
2998,Eddie,Lovegrove,elovegrovero@bluehost.com,Male,Bang Bua Thong
2999,Guendolen,Cardenosa,gcardenosarp@oakley.com,Male,Paris 04
3000,Nicko,Suggate,nsuggaterq@cocolog-nifty.com,Female,Mikhaylovsk
3001,Horacio,Wait,hwaitrr@ftc.gov,Female,Ransiki
