id,nombre,apellido,correo,sexo,ciudad
1002,Tudor,Cosgriff,tcosgriff0@europa.eu,Male,Młynary
1003,Shandra,Aldersey,saldersey1@technorati.com,Male,Chenzui
1004,Modesty,Gawkroge,mgawkroge2@biblegateway.com,Male,Daja
1005,Brina,Wintour,bwintour3@jiathis.com,Female,Tyresö
1006,Joshia,Kiljan,jkiljan4@histats.com,Male,Zonghan
1007,Jeth,Kingett,jkingett5@whitehouse.gov,Female,Kulonkali
1008,Kiel,Filippazzo,kfilippazzo6@apache.org,Male,Cimongkor
1009,Kimmy,Goundsy,kgoundsy7@vk.com,Male,Hermanus
1010,Marina,Vanini,mvanini8@ted.com,Female,Lobanovo
1011,Abbye,Dennick,adennick9@google.it,Female,Donostia-San Sebastian
1012,Shepard,Tiery,stierya@nytimes.com,Agender,Maddela
1013,Monica,Bearcroft,mbearcroftb@zimbio.com,Agender,Ningtang
1014,Bertrando,Stoffersen,bstoffersenc@bbb.org,Male,Mayong
1015,Amory,Braybrooks,abraybrooksd@phpbb.com,Female,Wartburg
1016,Phedra,Costa,pcostae@thetimes.co.uk,Male,Yingta
1017,Sunny,Rainbird,srainbirdf@hao123.com,Male,Herálec
1018,Edna,Pordal,epordalg@wp.com,Male,Malinovskiy
1019,Lacey,Gresly,lgreslyh@vistaprint.com,Female,Tangwāni
1020,Randolf,Kitchinham,rkitchinhami@fda.gov,Male,Zhujiapu
1021,Rip,McDoual,rmcdoualj@sphinn.com,Male,Mochishche
1022,Catarina,Farthin,cfarthink@psu.edu,Female,Ciwidara
1023,Delcina,Spong,dspongl@clickbank.net,Male,Emmeloord
1024,Kinnie,Vigors,kvigorsm@pcworld.com,Male,Figueira Castelo Rodrigo
1025,Willdon,Chelley,wchelleyn@usda.gov,Male,Barrinha
1026,Chere,Akast,cakasto@ustream.tv,Female,Adani
1027,Ellette,Leaburn,eleaburnp@businesswire.com,Female,Marquard
1028,Mara,Longshaw,mlongshawq@mtv.com,Male,Corbeil-Essonnes
1029,Babara,Hrishchenko,bhrishchenkor@bigcartel.com,Male,San Juan
1030,Fayre,Cescon,fcescons@nydailynews.com,Male,Dubinino
1031,Rochell,Burhouse,rburhouset@chronoengine.com,Female,Tisma
1032,Oralie,Bernardino,obernardinou@state.tx.us,Female,Igbor
1033,Meara,Duffit,mduffitv@exblog.jp,Male,Patapan
1034,Elissa,Cameron,ecameronw@gravatar.com,Female,Estancia
1035,Denna,Schnitter,dschnitterx@senate.gov,Male,Kup
1036,Fernande,Mound,fmoundy@cnbc.com,Male,Nagoselo do Douro
1037,Anissa,Blakeway,ablakewayz@craigslist.org,Female,Debrzno
1038,Lowrance,Gillooly,lgillooly10@typepad.com,Male,Qingzhou
1039,Giacopo,Mayou,gmayou11@thetimes.co.uk,Female,Vegreville
1040,Darda,Labram,dlabram12@illinois.edu,Male,Thayetmyo
1041,Domenico,Steaning,dsteaning13@usda.gov,Male,Dubrovka
1042,Letisha,Viscovi,lviscovi14@nsw.gov.au,Male,A-da-Gorda
1043,Gabrielle,Clarkin,gclarkin15@vk.com,Male,Kabarnet
1044,Bernarr,Branno,bbranno16@i2i.jp,Male,Štěchovice
1045,Fabien,Fenney,ffenney17@geocities.jp,Female,Sidi Moussa
1046,Kerianne,Fallens,kfallens18@phoca.cz,Female,Quevedo
1047,Ruddie,Pumfrett,rpumfrett19@imdb.com,Female,Chipyela
1048,Regan,Gemmell,rgemmell1a@4shared.com,Genderfluid,Karangan
1049,Zena,Mazzeo,zmazzeo1b@naver.com,Agender,Zhuxi
1050,Maridel,Seide,mseide1c@joomla.org,Male,Sahagún
1051,Sven,O'Haire,sohaire1d@devhub.com,Male,Al Quwaysimah
1052,Hastings,Hearse,hhearse1e@meetup.com,Male,Yigo Village
1053,Kelsey,Willoughey,kwilloughey1f@devhub.com,Male,Suishan
1054,Cob,Hayhurst,chayhurst1g@geocities.com,Male,Padasuka
1055,Luigi,Winscum,lwinscum1h@issuu.com,Genderfluid,Azenhas do Mar
1056,Griffin,Restorick,grestorick1i@feedburner.com,Female,Rača
1057,Clary,Hailes,chailes1j@discuz.net,Female,Veracruz
1058,Daron,Schade,dschade1k@wsj.com,Male,Lyon
1059,Caldwell,Paffett,cpaffett1l@deviantart.com,Male,Farap
1060,Garvy,Duffyn,gduffyn1m@studiopress.com,Female,Henglin
1061,Almeda,Reolfi,areolfi1n@businessinsider.com,Female,Lunenburg
1062,Stephen,Ladds,sladds1o@xrea.com,Male,Tianjiazhuang
1063,Ransom,Ebertz,rebertz1p@java.com,Female,Blawi
1064,Mason,Lait,mlait1q@time.com,Genderqueer,Guohuan
1065,Steffi,Cancellario,scancellario1r@github.io,Female,Nova Cruz
1066,Amandie,Usmar,ausmar1s@com.com,Female,El Bauga
1067,Gertrudis,Boobyer,gboobyer1t@symantec.com,Female,Bayt Wazan
1068,Wolfgang,Guiraud,wguiraud1u@elegantthemes.com,Male,Avlónas
1069,Yale,Barroux,ybarroux1v@ftc.gov,Male,Stockholm
1070,Vernen,Tregona,vtregona1w@upenn.edu,Male,Barreiro
1071,Dillon,Cawkwell,dcawkwell1x@google.nl,Male,Al Abyār
1072,Glyn,Lithcow,glithcow1y@clickbank.net,Bigender,Sherbrooke
1073,Emilie,Cockerton,ecockerton1z@google.com.hk,Male,Weru
1074,Layney,Thumnel,lthumnel20@unesco.org,Male,Żabbar
1075,Agata,Hatz,ahatz21@lycos.com,Non-binary,Vista Hermosa
1076,Brook,Connerry,bconnerry22@uol.com.br,Male,Mutatá
1077,Ophelie,Muggeridge,omuggeridge23@mail.ru,Female,Xiaojin
1078,Adey,Poll,apoll24@ebay.co.uk,Female,Bauru
1079,Marylee,Minchell,mminchell25@scribd.com,Male,São Pedro Gafanhoeira
1080,Amy,Henrys,ahenrys26@weibo.com,Female,Virginia Beach
1081,Cher,Blease,cblease27@t-online.de,Female,Rio Real
1082,Tades,Flook,tflook28@bloglines.com,Male,Guarabira
1083,King,Leades,kleades29@hud.gov,Female,Amancio
1084,Grete,O'Reilly,goreilly2a@shop-pro.jp,Female,Magallanes
1085,Veronike,Gherardelli,vgherardelli2b@last.fm,Male,Bayanhoshuu
1086,Elbert,Goldstein,egoldstein2c@surveymonkey.com,Female,Jiaocha
1087,Frannie,Sleeman,fsleeman2d@edublogs.org,Male,Rosmalen
1088,Reg,Virgin,rvirgin2e@amazon.co.uk,Female,Adelaide Mail Centre
1089,Eustacia,Conachie,econachie2f@tiny.cc,Female,Izingolweni
1090,Sonja,Lesly,slesly2g@timesonline.co.uk,Male,Guanshan
1091,Alexandra,Geldeard,ageldeard2h@businessweek.com,Female,Ukhta
1092,Barty,Ivanishev,bivanishev2i@jiathis.com,Male,Kongjiafang
1093,Jack,Shercliff,jshercliff2j@goo.ne.jp,Male,Jinshan
1094,Mikaela,Shay,mshay2k@opensource.org,Male,Jubao
1095,Brianna,Silley,bsilley2l@homestead.com,Female,Laba Goumen
1096,Enrica,Cockley,ecockley2m@t.co,Male,Bibrka
1097,Suzette,Sergeant,ssergeant2n@bloomberg.com,Male,Qila Abdullāh
1098,Gleda,Findley,gfindley2o@tinyurl.com,Female,Pechenga
1099,Lurette,McLanachan,lmclanachan2p@answers.com,Male,Mavingouni
1100,Neddy,Purkiss,npurkiss2q@yolasite.com,Male,Klimavichy
1101,Josiah,Bruna,jbruna2r@sohu.com,Male,Bidikotak
1102,Isiahi,Swaddle,iswaddle2s@cdc.gov,Male,Gunung Sugih
1103,Peadar,Finlason,pfinlason2t@soundcloud.com,Female,Atiquizaya
1104,Loren,Traise,ltraise2u@freewebs.com,Female,Kowang Utara
1105,Tammy,Dudson,tdudson2v@ocn.ne.jp,Female,Askim
1106,Jamima,Beeck,jbeeck2w@hp.com,Female,Pampamarca
1107,Haleigh,Klimpke,hklimpke2x@comcast.net,Female,Skołyszyn
1108,Buffy,Davids,bdavids2y@lulu.com,Male,Kusheriki
1109,Wilt,Rack,wrack2z@disqus.com,Female,Yanac
1110,Towny,Zollner,tzollner30@bizjournals.com,Female,Chkalov
1111,Terrel,Dingivan,tdingivan31@ezinearticles.com,Female,Vichuga
1112,Marcie,Heckner,mheckner32@phoca.cz,Female,Guogan
1113,Marjy,Ickovici,mickovici33@sun.com,Polygender,Tangtou
1114,Reeva,Kenvin,rkenvin34@youku.com,Male,Grand Rapids
1115,Lind,Soulsby,lsoulsby35@istockphoto.com,Female,Huaquillas
1116,Ann-marie,Rossander,arossander36@miitbeian.gov.cn,Female,Sendangrejo
1117,Bren,Gooms,bgooms37@printfriendly.com,Female,Kotel’niki
1118,Amelita,Lindsell,alindsell38@rambler.ru,Male,Tierralta
1119,Milicent,Bartram,mbartram39@devhub.com,Male,Casal do Conde
1120,Luise,Rutt,lrutt3a@geocities.jp,Female,Rybarzowice
1121,Chilton,Nare,cnare3b@mtv.com,Bigender,Sumberkemuning
1122,Ernst,Sheirlaw,esheirlaw3c@pbs.org,Female,Pancas
1123,Garrick,Mersey,gmersey3d@marketwatch.com,Male,Colatina
1124,Hubie,Castiglio,hcastiglio3e@yellowbook.com,Genderfluid,Torbat-e Jām
1125,Lorette,Berceros,lberceros3f@etsy.com,Female,Tola
1126,Callean,Willingale,cwillingale3g@salon.com,Male,Brest
1127,Neilla,Cordeau],ncordeau3h@cornell.edu,Female,Ocala
1128,Brodie,O'Quin,boquin3i@gravatar.com,Female,Benhong
1129,Hadleigh,Battie,hbattie3j@cdbaby.com,Female,Nancaicun
1130,Theodoric,O' Timony,totimony3k@epa.gov,Female,Kaset Wisai
1131,Zebadiah,Skuce,zskuce3l@soundcloud.com,Male,Xiongzhou
1132,Giff,Genthner,ggenthner3m@cbc.ca,Female,Pescadería
1133,Laughton,Stennings,lstennings3n@tumblr.com,Female,Waru
1134,Yvonne,Peppett,ypeppett3o@tinyurl.com,Male,Bairro do Margaça
1135,Elvera,Duggon,eduggon3p@typepad.com,Male,Igreja
1136,Burnaby,Rowlinson,browlinson3q@shop-pro.jp,Female,Sekondi-Takoradi
1137,Wait,Franzewitch,wfranzewitch3r@trellian.com,Male,Khyzy
1138,Travis,Scotchforth,tscotchforth3s@wikispaces.com,Male,Le Mans
1139,Aloysius,Baison,abaison3t@behance.net,Female,Weixin
1140,Prince,Benley,pbenley3u@wordpress.com,Female,Dabola
1141,Arnoldo,Madgewick,amadgewick3v@wikia.com,Female,Pirapozinho
1142,Troy,Wheeliker,twheeliker3w@intel.com,Female,Qianyou
1143,Deeanne,Barlas,dbarlas3x@exblog.jp,Male,Tafí Viejo
1144,Constancy,Tilbey,ctilbey3y@wunderground.com,Male,Mtambile
1145,Dacy,Tomkowicz,dtomkowicz3z@engadget.com,Male,Boa Esperança
1146,Marcelline,Ortet,mortet40@guardian.co.uk,Male,Hongcheng
1147,Alfons,Dinesen,adinesen41@opera.com,Female,Barbacena
1148,Elberta,Blundin,eblundin42@mapquest.com,Male,Sumbergebang
1149,Danyette,Hanner,dhanner43@dailymotion.com,Male,Batiovo
1150,Killy,Pesik,kpesik44@google.ru,Female,Shimen
1151,Spenser,Vauls,svauls45@addtoany.com,Female,Saint-Brieuc
1152,Ezmeralda,Cescotti,ecescotti46@spotify.com,Non-binary,Schaan
1153,Hamlen,Barling,hbarling47@ebay.com,Male,Jaru
1154,Maggy,D'Adamo,mdadamo48@mysql.com,Female,Alburitel
1155,Demeter,Levicount,dlevicount49@flavors.me,Female,Dīvāndarreh
1156,Catlin,McNeillie,cmcneillie4a@oracle.com,Agender,Sidi Bousber
1157,Evered,Backshaw,ebackshaw4b@prnewswire.com,Female,Tanjung Timur
1158,Trudie,Tankus,ttankus4c@cyberchimps.com,Female,Khirbat Tīn Nūr
1159,Yardley,Kellert,ykellert4d@etsy.com,Male,Halinów
1160,Bridgette,Ormrod,bormrod4e@blinklist.com,Female,Daytona Beach
1161,Zebulen,Scarsbrook,zscarsbrook4f@samsung.com,Female,Atalaia
1162,Chick,Oxbe,coxbe4g@smh.com.au,Male,Nanterre
1163,Annamaria,Deverock,adeverock4h@ucla.edu,Genderfluid,Alupay
1164,Yvon,Keighly,ykeighly4i@japanpost.jp,Female,Nantes
1165,Rubie,Schiefersten,rschiefersten4j@geocities.com,Female,Huiwen
1166,Claudell,Penrith,cpenrith4k@creativecommons.org,Male,Camocim
1167,Wain,Tuckerman,wtuckerman4l@vinaora.com,Female,Cumanacoa
1168,Dannie,Matyukon,dmatyukon4m@dmoz.org,Female,Rungis
1169,Afton,Bienvenu,abienvenu4n@dyndns.org,Female,Ōarai
1170,Cheryl,Trelease,ctrelease4o@shinystat.com,Female,Jincun
1171,Dolf,Borrington,dborrington4p@vinaora.com,Female,Toyonaka
1172,Dall,Touhig,dtouhig4q@ovh.net,Male,Pingshan
1173,Lothario,Osmint,losmint4r@merriam-webster.com,Male,Gon’ba
1174,Mill,Symon,msymon4s@webeden.co.uk,Female,Hengbanqiao
1175,Allyson,Van der Velde,avandervelde4t@moonfruit.com,Female,Syzran’
1176,Cami,Crepin,ccrepin4u@marriott.com,Female,Magaria
1177,Stephana,Belham,sbelham4v@blogtalkradio.com,Male,Korniyivka
1178,Shea,Laugherane,slaugherane4w@ebay.com,Female,Caledon
1179,Shandy,Trahear,strahear4x@bbc.co.uk,Female,Arauco
1180,Milo,Cartan,mcartan4y@loc.gov,Female,Cumadcad
1181,Lorri,Ravens,lravens4z@loc.gov,Female,Dalongzhan
1182,Jenda,Giacomoni,jgiacomoni50@123-reg.co.uk,Male,Kučevo
1183,Kendal,Tolemache,ktolemache51@webs.com,Genderfluid,Astromil
1184,Bevon,Viger,bviger52@phpbb.com,Male,Upig
1185,Nanine,Tretter,ntretter53@arizona.edu,Male,Guandian
1186,Alix,Cosins,acosins54@usatoday.com,Bigender,Taipingguan
1187,Wilhelmine,Jewson,wjewson55@noaa.gov,Female,Conroe
1188,Toddie,Reinisch,treinisch56@lycos.com,Male,Wangshi
1189,Kristen,Rosenstengel,krosenstengel57@samsung.com,Female,Chong’ansi
1190,Lilas,Eye,leye58@histats.com,Polygender,Buchach
1191,Jorrie,Wetherell,jwetherell59@latimes.com,Male,Yiyang
1192,Benedicto,McCormack,bmccormack5a@stumbleupon.com,Female,Aravissós
1193,Merv,Lesley,mlesley5b@com.com,Female,Fuente de Oro
1194,Ozzie,Tapping,otapping5c@psu.edu,Female,Zliten
1195,Meridel,Sare,msare5d@phpbb.com,Male,Zborište
1196,Dougie,Rafferty,drafferty5e@nhs.uk,Female,Kototujuh
1197,Nevsa,Pattillo,npattillo5f@mapquest.com,Female,Prengtale
1198,Noah,Hillum,nhillum5g@addthis.com,Male,Dubréka
1199,Brittany,Rotlauf,brotlauf5h@time.com,Male,Piúma
1200,Vasily,Avraham,vavraham5i@bigcartel.com,Male,Sunduan
1201,Ruggiero,Weinham,rweinham5j@google.nl,Female,Chengjiao Chengguanzhen
1202,Jennine,Ducroe,jducroe5k@amazon.co.jp,Female,Makanya
1203,Griffith,Attwool,gattwool5l@indiatimes.com,Female,Oebobo
1204,Lizette,Romanelli,lromanelli5m@theguardian.com,Female,Xindong
1205,Junia,Ruggles,jruggles5n@ihg.com,Female,Guamal
1206,Timmie,Boarleyson,tboarleyson5o@godaddy.com,Female,Mucllo
1207,Sandy,Filer,sfiler5p@cyberchimps.com,Male,Karlstad
1208,Antoine,Delacroux,adelacroux5q@newyorker.com,Female,Kumamoto
1209,Obed,Ferrarini,oferrarini5r@seesaa.net,Female,Cincinnati
1210,Helenka,Tousey,htousey5s@prnewswire.com,Male,Miryang
1211,Chalmers,Scripps,cscripps5t@fda.gov,Female,Binulasan
1212,Joshuah,Springate,jspringate5u@hostgator.com,Female,Yacheng
1213,Buiron,Byrcher,bbyrcher5v@prweb.com,Male,Néo Psychikó
1214,Federica,Maidment,fmaidment5w@diigo.com,Male,Montalegre
1215,Murdoch,Pattrick,mpattrick5x@shop-pro.jp,Male,Xinzhai
1216,Joellyn,Ferreres,jferreres5y@discuz.net,Male,Peterhof
1217,Farley,Charnick,fcharnick5z@soundcloud.com,Male,Kota Kinabalu
1218,Stewart,Sailor,ssailor60@macromedia.com,Female,Chinchero
1219,Danit,Agge,dagge61@answers.com,Non-binary,Fovissste
1220,Merrill,St Leger,mstleger62@woothemes.com,Non-binary,Dong Charoen
1221,Janie,Curnow,jcurnow63@diigo.com,Male,Goba
1222,Reamonn,Mence,rmence64@arstechnica.com,Genderfluid,Parumaan
1223,Fee,Alliberton,falliberton65@cpanel.net,Male,Torres Vedras
1224,Edith,Lottrington,elottrington66@soup.io,Male,Lagodekhi
1225,Dorene,Hounihan,dhounihan67@so-net.ne.jp,Female,Cipicung
1226,Lydon,Offill,loffill68@nyu.edu,Male,Pępowo
1227,Nadeen,Stainton,nstainton69@trellian.com,Female,Volovo
1228,Sileas,Tonge,stonge6a@java.com,Male,Al Lagowa
1229,Della,Markham,dmarkham6b@creativecommons.org,Male,Béthune
1230,Theodora,Tuckwell,ttuckwell6c@umich.edu,Male,Jindřichov
1231,Stephi,Duquesnay,sduquesnay6d@shop-pro.jp,Female,Aubergenville
1232,Venus,Raveau,vraveau6e@quantcast.com,Male,Pasirangin Tiga
1233,Merilyn,Pimley,mpimley6f@flickr.com,Male,Phichit
1234,Kiley,Eagar,keagar6g@unc.edu,Female,Nizhnyaya Tura
1235,Lindy,Lukins,llukins6h@techcrunch.com,Bigender,Hongmiao
1236,Omero,Dawid,odawid6i@instagram.com,Female,Baizhang
1237,Yolande,Ranaghan,yranaghan6j@netscape.com,Male,Talambung Laok
1238,Latisha,Marquese,lmarquese6k@vk.com,Female,Korogan Timur
1239,Burlie,Stealfox,bstealfox6l@xinhuanet.com,Agender,Zdíkov
1240,Saundra,Widdop,swiddop6m@fotki.com,Female,Macklin
1241,Eduino,Kerbey,ekerbey6n@blogtalkradio.com,Male,Kalamáta
1242,Maegan,Vasishchev,mvasishchev6o@sphinn.com,Male,Mukun
1243,Beryl,Sudlow,bsudlow6p@foxnews.com,Genderqueer,Mas‘adah
1244,Pierce,Gillimgham,pgillimgham6q@google.pl,Female,Quintãs
1245,Kathryn,Goldston,kgoldston6r@about.me,Male,Pereira
1246,Constantino,Dupey,cdupey6s@gizmodo.com,Female,Guatimozín
1247,Boony,Curds,bcurds6t@google.cn,Agender,Xiangyang
1248,Ermina,Mucklestone,emucklestone6u@gravatar.com,Female,Morris
1249,Purcell,O'Nions,ponions6v@go.com,Male,Sumurgayam
1250,Tremaine,Coldrick,tcoldrick6w@arizona.edu,Female,Calaoagan
1251,Rob,Rettie,rrettie6x@cyberchimps.com,Genderqueer,Nizui
1252,Pren,Bellison,pbellison6y@shop-pro.jp,Female,Watangan
1253,Tani,Corben,tcorben6z@rediff.com,Female,Ningzhong
1254,Odelia,Candey,ocandey70@twitpic.com,Female,Zdiby
1255,Margi,McElhinney,mmcelhinney71@alibaba.com,Male,Ágios Stéfanos
1256,Nealson,Philot,nphilot72@imageshack.us,Female,Vilkaviskis
1257,Leilah,Eberst,leberst73@dagondesign.com,Male,Cardona
1258,Jacqui,Stonman,jstonman74@tamu.edu,Female,Felege Neway
1259,Cyndi,Boothby,cboothby75@deviantart.com,Male,Pantukan
1260,Lela,Jacson,ljacson76@archive.org,Female,Paris 02
1261,Livvie,Pabst,lpabst77@ask.com,Female,Zhaogezhuang
1262,Kinny,Blazynski,kblazynski78@dion.ne.jp,Male,Bi’r al ‘Abd
1263,Tobiah,Walpole,twalpole79@mayoclinic.com,Male,Xianyuan
1264,Blake,MacCaffrey,bmaccaffrey7a@about.me,Male,Tomsk
1265,Raye,Joblin,rjoblin7b@macromedia.com,Female,Kyŏngsŏng
1266,Lilyan,Mixworthy,lmixworthy7c@loc.gov,Male,Dogbo
1267,Mommy,Guitte,mguitte7d@sbwire.com,Male,Dijon
1268,Shayne,Czaple,sczaple7e@mayoclinic.com,Female,Talun
1269,Esme,Tomowicz,etomowicz7f@spotify.com,Male,Dadong
1270,Raffaello,Tallant,rtallant7g@columbia.edu,Female,Rostock
1271,Francisca,O'Shea,foshea7h@examiner.com,Male,Arras
1272,Christoffer,Laterza,claterza7i@mediafire.com,Male,Nandayure
1273,Lucille,Goodright,lgoodright7j@princeton.edu,Female,Huangcun
1274,Vina,McJarrow,vmcjarrow7k@army.mil,Male,Verkhniy Avzyan
1275,Vallie,Gummary,vgummary7l@scribd.com,Male,Sunne
1276,Levon,Beck,lbeck7m@w3.org,Female,Chenzhouzhai
1277,Alysia,Kibbye,akibbye7n@washington.edu,Female,Chocz
1278,Peta,Hyde-Chambers,phydechambers7o@twitpic.com,Male,Saskatoon
1279,Trudey,McEntee,tmcentee7p@cbslocal.com,Bigender,Desa Margaluyu
1280,Morlee,Yerlett,myerlett7q@usda.gov,Male,Haruman
1281,Vanni,Reeday,vreeday7r@facebook.com,Female,Livadiya
1282,Zerk,Enochsson,zenochsson7s@mac.com,Female,Pochayiv
1283,Gannon,Gabbetis,ggabbetis7t@oakley.com,Male,Bayamo
1284,Gearard,Abramsky,gabramsky7u@lycos.com,Male,Guohuan
1285,Amy,Blackater,ablackater7v@ask.com,Male,Cangshi
1286,Verine,Whistlecroft,vwhistlecroft7w@house.gov,Female,Anuchino
1287,Fernandina,Elgie,felgie7x@miibeian.gov.cn,Male,Saint Catherine
1288,Ethelin,Mandres,emandres7y@studiopress.com,Female,Linjiang
1289,Sibbie,Ghiron,sghiron7z@arizona.edu,Female,Serravalle
1290,Florinda,Yakebowitch,fyakebowitch80@oakley.com,Female,Jinggan
1291,Josee,Harmes,jharmes81@zimbio.com,Female,Chashan
1292,Weston,D'Adda,wdadda82@wordpress.com,Male,Las Vegas
1293,Lamar,Ayrs,layrs83@goo.ne.jp,Male,Uychi
1294,Kelsey,Cawker,kcawker84@php.net,Female,San Juan del Surutú
1295,Marcellina,Whaplington,mwhaplington85@foxnews.com,Male,Liulin
1296,Jehanna,Caldecourt,jcaldecourt86@bluehost.com,Female,Vasilikón
1297,Esme,MacDonald,emacdonald87@nationalgeographic.com,Female,Jamao al Norte
1298,Darwin,McGriele,dmcgriele88@google.nl,Female,Buldon
1299,Emilee,Willoughby,ewilloughby89@over-blog.com,Male,Västerås
1300,Blythe,Robus,brobus8a@si.edu,Male,Sandakan
1301,Weston,Stubbings,wstubbings8b@tinypic.com,Male,Pedaringan
1302,Sapphire,Bryceson,sbryceson8c@phpbb.com,Male,Bamut
1303,Whitaker,Wimmer,wwimmer8d@sfgate.com,Male,Libacao
1304,Zorana,Jakubczyk,zjakubczyk8e@time.com,Male,Kaulon
1305,Nichole,Rebert,nrebert8f@shutterfly.com,Male,Leonárisso
1306,Francyne,Ditchburn,fditchburn8g@constantcontact.com,Female,Houston
1307,Carina,Kalinovich,ckalinovich8h@thetimes.co.uk,Male,Bloemfontein
1308,Lennie,Farlam,lfarlam8i@google.it,Female,Lingcheng
1309,Ramsay,Cona,rcona8j@paypal.com,Female,Huichang
1310,Toddie,Widdison,twiddison8k@devhub.com,Male,Chantepie
1311,Pace,Gullivan,pgullivan8l@about.me,Agender,Miracema
1312,Kaylyn,Faires,kfaires8m@theguardian.com,Male,Goz Béïda
1313,Codi,Semark,csemark8n@google.com.br,Female,Cerro de Pasco
1314,Lay,Jex,ljex8o@zdnet.com,Female,Choya
1315,Kennith,Juanes,kjuanes8p@cornell.edu,Female,Corona
1316,Romonda,Russel,rrussel8q@cargocollective.com,Female,New-Richmond
1317,Demetris,Gerber,dgerber8r@drupal.org,Female,Paidha
1318,Gussi,Fancet,gfancet8s@prweb.com,Male,Al ‘Ashshah
1319,Anita,Douglass,adouglass8t@wikipedia.org,Female,Boca de Uchire
1320,Horten,Cavanaugh,hcavanaugh8u@hhs.gov,Male,Fenghua
1321,Jennine,Jurek,jjurek8v@studiopress.com,Male,Damiao
1322,Katharyn,Lorinez,klorinez8w@comcast.net,Male,Bratslav
1323,Edie,Callingham,ecallingham8x@sphinn.com,Genderfluid,Gīvī
1324,Deck,Batch,dbatch8y@marriott.com,Male,Krajan Waturoyo
1325,Jobye,Quartermaine,jquartermaine8z@issuu.com,Male,Datuan
1326,Benetta,O' Sullivan,bosullivan90@qq.com,Male,Araulí
1327,Quinta,Onraet,qonraet91@cyberchimps.com,Female,Kolumbug
1328,Sukey,Hamprecht,shamprecht92@spiegel.de,Male,Cisaat
1329,Ted,Botler,tbotler93@issuu.com,Male,Temizhbekskaya
1330,Trefor,Bickmore,tbickmore94@nymag.com,Male,Tiberias
1331,Royall,Sowter,rsowter95@freewebs.com,Female,Simunul
1332,Brander,Wrennall,bwrennall96@hp.com,Female,Xinzhou
1333,Alfy,Buckthought,abuckthought97@ehow.com,Female,Vitanje
1334,Carey,Fuentez,cfuentez98@github.com,Bigender,Changhan
1335,Rosalind,Pindar,rpindar99@ameblo.jp,Female,Bunder
1336,Georgy,Merrison,gmerrison9a@nifty.com,Male,Tangzang
1337,Chaunce,Rawdales,crawdales9b@wiley.com,Female,Weiguo
1338,Arlette,Pinkard,apinkard9c@umn.edu,Female,Terre Haute
1339,Hilarius,Darinton,hdarinton9d@hhs.gov,Male,Roissy Charles-de-Gaulle
1340,Chere,Wightman,cwightman9e@e-recht24.de,Female,Karlivka
1341,Martguerita,Duffield,mduffield9f@de.vu,Male,Loureiro
1342,Jermayne,Langshaw,jlangshaw9g@moonfruit.com,Polygender,Zhangbang
1343,Kamila,Puvia,kpuvia9h@twitpic.com,Female,Šenkovec
1344,Faustina,Sutch,fsutch9i@cbslocal.com,Female,Bambanglipuro
1345,Kessia,Berston,kberston9j@bbc.co.uk,Male,Huangrangping
1346,Roxanne,Heaffey,rheaffey9k@nifty.com,Female,Jokkmokk
1347,Morgana,Sant,msant9l@intel.com,Male,Juan de Acosta
1348,Page,Pudan,ppudan9m@oaic.gov.au,Male,Campo
1349,Juliann,Bantock,jbantock9n@usgs.gov,Genderfluid,Kosaya Gora
1350,Ranee,Ewols,rewols9o@bigcartel.com,Female,Xinji
1351,Lorette,Laurentino,llaurentino9p@boston.com,Female,Xichuan
1352,Dmitri,Enright,denright9q@angelfire.com,Female,Calebasses
1353,Leila,Clausen,lclausen9r@salon.com,Female,Matou
1354,Gabi,Leggott,gleggott9s@topsy.com,Female,Uitenhage
1355,Pall,Cossom,pcossom9t@flavors.me,Male,Arapongas
1356,Ring,Bosher,rbosher9u@archive.org,Male,Banturkrajan
1357,Sayre,Castagno,scastagno9v@pinterest.com,Male,Chivilcoy
1358,Elston,Abrey,eabrey9w@omniture.com,Male,Bulgan
1359,Clare,Conrath,cconrath9x@yahoo.com,Male,Dordrecht
1360,Cynthy,Iddenden,ciddenden9y@livejournal.com,Male,Zhonghouhe
1361,Lucina,Longmire,llongmire9z@sohu.com,Male,Shihua
1362,Aileen,Lorence,alorencea0@google.co.jp,Female,Manola
1363,Dallas,Huyche,dhuychea1@google.co.jp,Female,Télimélé
1364,Jeffy,Kearney,jkearneya2@surveymonkey.com,Non-binary,Luna
1365,Melisent,Freire,mfreirea3@twitter.com,Male,Garmeh
1366,Marissa,Hefferon,mhefferona4@webmd.com,Female,São Sebastião do Paraíso
1367,Franky,Coddrington,fcoddringtona5@illinois.edu,Male,Yangping
1368,Martin,Walch,mwalcha6@cdc.gov,Male,Cikayas
1369,Terra,Grinaugh,tgrinaugha7@twitter.com,Male,San Pedro One
1370,Hoebart,Danks,hdanksa8@weebly.com,Male,El Mirador
1371,Myrle,Pennazzi,mpennazzia9@nba.com,Male,Baltimore
1372,Sofie,Bracci,sbracciaa@sphinn.com,Male,Concepción de Ataco
1373,Den,Waring,dwaringab@wunderground.com,Female,Toukh
1374,Brander,Swinden,bswindenac@friendfeed.com,Male,Luzon
1375,Bartholomeus,Rossetti,brossettiad@myspace.com,Female,Santa Catalina Norte
1376,Starr,Tregale,stregaleae@scientificamerican.com,Male,Mbandjok
1377,Brandie,Esgate,besgateaf@yellowpages.com,Male,Beishan
1378,Eryn,Gaythwaite,egaythwaiteag@howstuffworks.com,Female,Criação Velha
1379,Rona,Pippin,rpippinah@cocolog-nifty.com,Male,Jorf
1380,Nerita,Birchwood,nbirchwoodai@nasa.gov,Male,Yablonovskiy
1381,Terrill,Guido,tguidoaj@blinklist.com,Male,Saint Hubert
1382,Jannelle,Webland,jweblandak@cnet.com,Male,Heshi
1383,Rowney,Dunbar,rdunbaral@gov.uk,Female,Fushan
1384,Annnora,Lackie,alackieam@deviantart.com,Female,Vermelha
1385,Thadeus,McGillecole,tmcgillecolean@yahoo.com,Male,Wanshi
1386,Odie,Paladini,opaladiniao@uiuc.edu,Male,Haihui
1387,Cordy,Braxton,cbraxtonap@wordpress.org,Female,Nyandoma
1388,Laurena,Lugden,llugdenaq@washington.edu,Male,Jetis
1389,Thomasa,Shimuk,tshimukar@google.ca,Female,Andorinha
1390,Miller,Money,mmoneyas@google.cn,Female,Niagara Falls
1391,Flossi,Kingaby,fkingabyat@pinterest.com,Female,Barreiros
1392,Welbie,Gath,wgathau@cnet.com,Male,Kuala Lumpur
1393,Fowler,Greeve,fgreeveav@taobao.com,Female,New Leyte
1394,Arabel,Crosby,acrosbyaw@google.ru,Genderqueer,Shoushan
1395,Britta,Airs,bairsax@godaddy.com,Female,Urungpigang
1396,Ninnette,Shepeard,nshepearday@slashdot.org,Male,Raniżów
1397,Albrecht,Muldownie,amuldownieaz@seesaa.net,Female,Phoenix
1398,Sidonnie,Hammerson,shammersonb0@tinyurl.com,Female,Guanfang
1399,Kingsley,Stutt,kstuttb1@accuweather.com,Agender,Wulan Hada
1400,Cloris,Malek,cmalekb2@patch.com,Male,Mabusag
1401,Myrtia,Truce,mtruceb3@prnewswire.com,Male,Periyiáli
1402,Minda,Lightwood,mlightwoodb4@so-net.ne.jp,Female,Bromma
1403,Gris,Surphliss,gsurphlissb5@cbsnews.com,Bigender,Vitez
1404,Lorna,Phelipeau,lphelipeaub6@dyndns.org,Female,Tapilon
1405,Malorie,Tertre,mtertreb7@ifeng.com,Male,Penang
1406,Filippo,McMenamin,fmcmenaminb8@spotify.com,Female,Boniewo
1407,Larisa,Broadley,lbroadleyb9@google.es,Female,Cikijing
1408,Anastasie,Shuttlewood,ashuttlewoodba@time.com,Male,Aygek
1409,Petronella,Olivia,poliviabb@alibaba.com,Female,Xiaosong
1410,Marjy,Rathe,mrathebc@lulu.com,Non-binary,Palma De Mallorca
1411,Alexio,Mingay,amingaybd@tamu.edu,Female,Baomin
1412,Joycelin,Gypson,jgypsonbe@elpais.com,Male,Babasakhib
1413,Bob,Windrum,bwindrumbf@apple.com,Female,Cikijing
1414,Iorgo,Paulus,ipaulusbg@geocities.com,Male,Mas‘adah
1415,Clemente,Clinch,cclinchbh@nymag.com,Female,Casa Nova
1416,Isidore,Kingaby,ikingabybi@ustream.tv,Female,Jintang
1417,Livia,Rugg,lruggbj@ed.gov,Female,Biguo
1418,Kirstin,Seiler,kseilerbk@unesco.org,Non-binary,Xiangyun
1419,Rodger,Patshull,rpatshullbl@pcworld.com,Female,Los Pinos
1420,Matilde,Keepin,mkeepinbm@vistaprint.com,Female,Nezhinka
1421,Ethan,Armatys,earmatysbn@scribd.com,Male,Batubantar
1422,Gauthier,Jacquemard,gjacquemardbo@photobucket.com,Female,Kiten
1423,Mike,Gavriel,mgavrielbp@nyu.edu,Male,Yaguaraparo
1424,Rodger,Prebble,rprebblebq@goo.ne.jp,Female,Siqiao
1425,June,Kochl,jkochlbr@usa.gov,Female,San Andres
1426,Forester,Samwell,fsamwellbs@a8.net,Female,Kalungu
1427,Duffie,Looney,dlooneybt@flavors.me,Bigender,Pulosari
1428,Dori,Pentycost,dpentycostbu@paypal.com,Male,Tercena
1429,Konstanze,Mills,kmillsbv@booking.com,Female,Bhalwāl
1430,Keith,Hartness,khartnessbw@wikipedia.org,Female,Apucarana
1431,Pierre,Anglish,panglishbx@networkadvertising.org,Female,Tatariv
1432,Lock,Dwane,ldwaneby@bandcamp.com,Polygender,Radvanice
1433,Electra,Gorelli,egorellibz@creativecommons.org,Female,San Antonio
1434,Peadar,Bourthouloume,pbourthouloumec0@sciencedirect.com,Female,Douniani
1435,Henrie,Whyard,hwhyardc1@foxnews.com,Male,Lyon
1436,Felicity,Moulton,fmoultonc2@dailymail.co.uk,Female,Ar Ruways
1437,Jdavie,Veldens,jveldensc3@cornell.edu,Male,Santa Cruz
1438,Maudie,Beamish,mbeamishc4@guardian.co.uk,Bigender,Taketoyo
1439,Raimondo,Sunter,rsunterc5@sciencedaily.com,Female,Osby
1440,Joane,Sture,jsturec6@biglobe.ne.jp,Female,Shimeitang
1441,Maddi,Garthside,mgarthsidec7@reddit.com,Genderqueer,Buenavista
1442,Loella,Roux,lrouxc8@php.net,Female,Mayuan
1443,Tallia,Van den Velden,tvandenveldenc9@aol.com,Female,Buur Gaabo
1444,Leonelle,McGuire,lmcguireca@imdb.com,Male,Añatuya
1445,Andromache,Scheu,ascheucb@t-online.de,Female,Glencoe
1446,Justine,Judson,jjudsoncc@dailymotion.com,Male,Fuyang
1447,Arlen,Rosina,arosinacd@360.cn,Female,Ganzi
1448,Kearney,Stanger,kstangerce@nyu.edu,Female,Córdoba
1449,Leoine,Kensit,lkensitcf@xrea.com,Male,Riachão das Neves
1450,Colman,Shottin,cshottincg@twitpic.com,Female,Jarigue
1451,Dot,Wellman,dwellmanch@tinypic.com,Agender,Aozai
1452,Carroll,Veazey,cveazeyci@abc.net.au,Female,Nikopol’
1453,Tamarra,Langshaw,tlangshawcj@oracle.com,Female,Roma
1454,Rodolph,Radden,rraddenck@xrea.com,Male,António Enes
1455,Timmy,Vaughton,tvaughtoncl@hibu.com,Female,Iraquara
1456,Desmond,Danielsson,ddanielssoncm@nps.gov,Female,Ilanskiy
1457,Lolly,Erasmus,lerasmuscn@jigsy.com,Male,Kekeri
1458,Gabbi,Cisec,gcisecco@si.edu,Female,Chợ Chu
1459,Deanna,Smorthit,dsmorthitcp@virginia.edu,Female,København
1460,Lemmie,Medeway,lmedewaycq@freewebs.com,Female,Talitsa
1461,Zebulon,Wigelsworth,zwigelsworthcr@pbs.org,Female,Suita
1462,Tatum,Guillet,tguilletcs@hexun.com,Male,Ōtake
1463,Nerte,Ollander,nollanderct@github.com,Female,Hongch’ŏn
1464,Lou,Trewinnard,ltrewinnardcu@ftc.gov,Male,Taiyuan
1465,Sigfrid,Drewe,sdrewecv@google.nl,Male,Shatian
1466,Kassi,Powney,kpowneycw@wikispaces.com,Female,Chợ Gạo
1467,Meridel,Olivo,molivocx@bluehost.com,Female,Campo Mourão
1468,Franciskus,Balme,fbalmecy@cyberchimps.com,Male,Skýros
1469,Ray,Freezer,rfreezercz@histats.com,Female,Batou
1470,Krissy,Bottle,kbottled0@umich.edu,Male,Mysiadło
1471,Aimee,Bracknall,abracknalld1@census.gov,Male,Muleng
1472,Salmon,Oloshin,soloshind2@tinyurl.com,Male,Serh
1473,Pascal,Vynall,pvynalld3@ycombinator.com,Female,Atlanta
1474,Goddart,Worsell,gworselld4@kickstarter.com,Female,Pidigan
1475,Jaquelyn,Oty,jotyd5@pagesperso-orange.fr,Male,Uppsala
1476,Luelle,Fonte,lfonted6@admin.ch,Female,Jaru
1477,Amitie,Plumridge,aplumridged7@w3.org,Male,Ersekë
1478,Almeria,Stopher,astopherd8@chron.com,Agender,Ḩalabjah
1479,Vitia,Duell,vduelld9@google.com.hk,Male,Bulag
1480,Jerad,Sayward,jsaywardda@nps.gov,Male,Krasnyy Lyman
1481,Kristyn,Kunes,kkunesdb@tumblr.com,Female,Randuboto
1482,Loralie,Butner,lbutnerdc@msn.com,Male,Sokolo
1483,Patrizius,Coetzee,pcoetzeedd@army.mil,Genderqueer,Örnsköldsvik
1484,Julianne,Lawling,jlawlingde@digg.com,Female,Mascote
1485,Carolan,MacMurray,cmacmurraydf@sciencedirect.com,Male,Zambujeira do Mar
1486,Clarey,MacBarron,cmacbarrondg@woothemes.com,Male,Garahaji
1487,Ellerey,Decaze,edecazedh@flickr.com,Female,Bolorejo
1488,Rosita,di Rocca,rdiroccadi@miitbeian.gov.cn,Female,Téra
1489,Rodrique,Suggitt,rsuggittdj@myspace.com,Female,Klenovyy
1490,Gilberta,McClory,gmcclorydk@cisco.com,Female,Kebonjaya
1491,Dennison,Kimblin,dkimblindl@psu.edu,Female,Portel
1492,Coretta,Leffek,cleffekdm@soundcloud.com,Female,Brocēni
1493,Guglielmo,Bolley,gbolleydn@seattletimes.com,Male,Pereval'noe
1494,Shannon,Stuckow,sstuckowdo@cocolog-nifty.com,Male,Juhaynah
1495,Bartlett,Symcox,bsymcoxdp@latimes.com,Female,Naghalin
1496,Ransom,Sawkin,rsawkindq@house.gov,Male,Tapes
1497,Juditha,Persian,jpersiandr@hubpages.com,Male,Köneürgench
1498,Gustaf,Skally,gskallyds@tripadvisor.com,Male,Issy-les-Moulineaux
1499,Felice,Ovitts,fovittsdt@quantcast.com,Female,Guararapes
1500,Barry,Blyden,bblydendu@statcounter.com,Female,Vicente Guerrero
1501,Andrej,Cowmeadow,acowmeadowdv@bizjournals.com,Male,Santa Rita
1502,Hugibert,Naptine,hnaptinedw@mlb.com,Female,Wińsko
1503,Marchall,Froom,mfroomdx@opensource.org,Male,Tapiramutá
1504,Candida,Halfhyde,chalfhydedy@elegantthemes.com,Male,Jiabeiyan
1505,Tobit,World,tworlddz@google.cn,Female,Neftobod
1506,Flory,Dinsmore,fdinsmoree0@skype.com,Female,Taounza
1507,Frants,Branthwaite,fbranthwaitee1@google.ca,Genderqueer,Limbo
1508,Tammy,Phillott,tphillotte2@nyu.edu,Male,Bayanaūyl
1509,Tarah,Beardon,tbeardone3@tripadvisor.com,Male,Uromi
1510,Roxanna,Gradley,rgradleye4@csmonitor.com,Female,Zhonglong
1511,Zea,Cord,zcorde5@phoca.cz,Female,Tartaro
1512,Kaleena,Krinks,kkrinkse6@163.com,Male,Castañas
1513,Jason,Blackey,jblackeye7@cam.ac.uk,Male,Andrushivka
1514,Loni,Brailsford,lbrailsforde8@woothemes.com,Female,Gayny
1515,Hunter,Stickford,hstickforde9@mtv.com,Genderfluid,Igurusi
1516,Amargo,Bradock,abradockea@amazon.de,Male,Fatukanutu
1517,Kevyn,Saleway,ksalewayeb@nasa.gov,Female,Donduşeni
1518,Ashley,Romei,aromeiec@skyrock.com,Female,E’zhou
1519,Corine,Dametti,cdamettied@patch.com,Male,Liuji
1520,Mei,Maty,mmatyee@cornell.edu,Female,Tripoli
1521,Janeta,Ledekker,jledekkeref@photobucket.com,Male,Canguçu
1522,Lilla,Vasilov,lvasiloveg@sun.com,Male,Buang
1523,Hermia,Cass,hcasseh@arstechnica.com,Female,Zaozerne
1524,Suzanne,Ingarfill,singarfillei@ucsd.edu,Female,Bayanan
1525,Kira,Witt,kwittej@livejournal.com,Female,Tianchi
1526,Roth,Kleyn,rkleynek@columbia.edu,Male,Ituberá
1527,Penrod,Cookley,pcookleyel@businessinsider.com,Male,Jatinagara
1528,Sophey,Lys,slysem@so-net.ne.jp,Female,Svetlyy
1529,Johannah,Swaton,jswatonen@marketwatch.com,Female,Sindi
1530,Mattias,Kinker,mkinkereo@phoca.cz,Male,Castlepollard
1531,Gram,Langrish,glangrishep@mysql.com,Female,Corrientes
1532,Carolee,Aldersley,caldersleyeq@t-online.de,Female,La Paz
1533,Chery,Gidley,cgidleyer@indiegogo.com,Female,Loukhi
1534,Denyse,Hakes,dhakeses@com.com,Female,Shiziqiao
1535,Maddy,Pimm,mpimmet@sitemeter.com,Male,Saurimo
1536,Ware,Eathorne,weathorneeu@skype.com,Female,Karanggeneng
1537,Roda,Brussell,rbrussellev@cisco.com,Male,Orekhovo-Zuyevo
1538,Eberhard,Whistan,ewhistanew@bigcartel.com,Male,Ondores
1539,Alden,Cappineer,acappineerex@mapy.cz,Female,Šentrupert
1540,Nana,Kort,nkortey@parallels.com,Female,Chynów
1541,Rania,Cutill,rcutillez@twitpic.com,Non-binary,Al Quwaysimah
1542,Noam,Grealish,ngrealishf0@google.cn,Male,Gangbian
1543,Hort,Darwent,hdarwentf1@nature.com,Male,Bungereng
1544,Gasper,Stutard,gstutardf2@ovh.net,Male,Calde
1545,Irma,Nissle,inisslef3@toplist.cz,Female,Allacapan
1546,Osmond,Udy,oudyf4@over-blog.com,Female,Svedala
1547,Benjy,Gold,bgoldf5@java.com,Female,Pittsburgh
1548,Bobbee,Dewdney,bdewdneyf6@ow.ly,Male,Camacupa
1549,Mabel,Ivons,mivonsf7@theglobeandmail.com,Female,Pivka
1550,Faunie,Czapla,fczaplaf8@senate.gov,Female,Matou
1551,Rozalie,Loffill,rloffillf9@nifty.com,Female,Lokokrangan
1552,Temp,Giacomoni,tgiacomonifa@multiply.com,Male,Roanne
1553,Floria,Andren,fandrenfb@bbb.org,Female,El Rancho
1554,Flss,Burman,fburmanfc@sina.com.cn,Polygender,Kiviõli
1555,Rafe,Vaune,rvaunefd@biblegateway.com,Male,Ban Talat Bueng
1556,Melvin,Dando,mdandofe@prlog.org,Male,Plovdiv
1557,Skippie,Vincent,svincentff@latimes.com,Male,Bačka Palanka
1558,Ketty,Amos,kamosfg@digg.com,Female,Agía Triáda
1559,Reta,Pauncefort,rpauncefortfh@360.cn,Male,Colesberg
1560,Zsazsa,Belchamp,zbelchampfi@goo.ne.jp,Male,Yefimovskiy
1561,Alexandr,Sykes,asykesfj@google.co.jp,Female,Paris La Défense
1562,Jonathan,Ida,jidafk@qq.com,Male,Shifan
1563,Randee,Matley,rmatleyfl@time.com,Female,Adjumani
1564,Berti,Lezemere,blezemerefm@instagram.com,Male,Jubung
1565,Theresina,Chrichton,tchrichtonfn@deviantart.com,Male,Dongji
1566,D'arcy,Treagust,dtreagustfo@discuz.net,Male,San Antonio
1567,Aime,Frensch,afrenschfp@mit.edu,Female,Oued Zem
1568,Yardley,Gilbee,ygilbeefq@vkontakte.ru,Male,Briceni
1569,Lammond,Thorneloe,lthorneloefr@fema.gov,Female,Ol Kalou
1570,Guillemette,Howgego,ghowgegofs@samsung.com,Non-binary,Nan’an
1571,Alayne,Crowdson,acrowdsonft@epa.gov,Female,Fengshan
1572,Misha,Thraves,mthravesfu@cafepress.com,Male,Kuantan
1573,Ninnette,Wastie,nwastiefv@cnn.com,Female,Haocun
1574,Leia,Fladgate,lfladgatefw@netscape.com,Male,Texíguat
1575,Jordon,O'Sherin,josherinfx@cnet.com,Male,Cagnes-sur-Mer
1576,Alfons,Giff,agifffy@shop-pro.jp,Female,Kuala Lumpur
1577,Derick,Pattle,dpattlefz@mediafire.com,Male,Baykonyr
1578,Pegeen,Danneil,pdanneilg0@amazon.com,Male,Pemba
1579,Bradley,Filyakov,bfilyakovg1@linkedin.com,Male,Kahuripan
1580,Arvie,Woolis,awoolisg2@ycombinator.com,Male,Tours
1581,Zora,Camacho,zcamachog3@chronoengine.com,Female,Pulo
1582,Cinda,Thwaite,cthwaiteg4@blogspot.com,Female,Sidaohezi
1583,Sheryl,Neesham,sneeshamg5@joomla.org,Male,Rublëvo
1584,Verla,Gee,vgeeg6@ca.gov,Female,Cát Bà
1585,Harmonie,Crowdson,hcrowdsong7@posterous.com,Female,Mikulovice
1586,Luciano,Woolis,lwoolisg8@cam.ac.uk,Male,Qingshandi
1587,Roselle,Karus,rkarusg9@weebly.com,Male,Botlhapatlou
1588,Adelaida,Tubb,atubbga@ibm.com,Female,Jiangtun
1589,Ely,Eginton,eegintongb@nyu.edu,Female,Dongxiang
1590,Benton,Rao,braogc@google.cn,Male,Gongyi
1591,Lucy,Aleksandrev,laleksandrevgd@princeton.edu,Male,Montaigu
1592,Analise,Doodson,adoodsonge@ask.com,Male,Avignon
1593,Merlina,Tofpik,mtofpikgf@newyorker.com,Male,Comillas Norte
1594,Trueman,Abad,tabadgg@wiley.com,Male,Olkusz
1595,Caz,Downham,cdownhamgh@youtube.com,Female,Retreat
1596,Humfried,Ennew,hennewgi@dailymail.co.uk,Female,Songqiao
1597,Reinhard,Madelin,rmadelingj@1688.com,Female,Ntonggu
1598,Alfred,Pitchford,apitchfordgk@a8.net,Female,Partizan
1599,Renault,Cheavin,rcheavingl@studiopress.com,Male,Taipingying
1600,Emanuel,Branney,ebranneygm@sina.com.cn,Male,Oepuah
1601,Kingsley,Paolinelli,kpaolinellign@mozilla.org,Male,Gashua
1602,Engelbert,Bernon,ebernongo@linkedin.com,Female,Starigrad
1603,Haley,Giddins,hgiddinsgp@1688.com,Female,Greeley
1604,Deena,Coorington,dcooringtongq@cafepress.com,Female,Baicun
1605,Agnola,Dymott,adymottgr@huffingtonpost.com,Genderfluid,Victoria
1606,Elyn,St. Leger,estlegergs@ycombinator.com,Female,Northern Suburbs Mc
1607,Melinda,Wharfe,mwharfegt@chicagotribune.com,Male,Franca
1608,Kimberlyn,Kenner,kkennergu@phoca.cz,Genderqueer,Argelia
1609,Seka,Wooddisse,swooddissegv@howstuffworks.com,Female,Kawage
1610,Vivi,Lyon,vlyongw@dailymail.co.uk,Male,Pimbalayan
1611,Frayda,Slark,fslarkgx@typepad.com,Male,Vangaindrano
1612,Rey,Loughney,rloughneygy@printfriendly.com,Female,Tene
1613,Ernaline,Clashe,eclashegz@dmoz.org,Male,Makumbako
1614,Verile,Yearnes,vyearnesh0@indiegogo.com,Male,Kumba
1615,Madelin,Montes,mmontesh1@shop-pro.jp,Male,Yangxunqiao
1616,Dasie,Allerton,dallertonh2@alexa.com,Female,Lima Pampa
1617,Inessa,Pinson,ipinsonh3@examiner.com,Male,Port-de-Bouc
1618,West,Maxworthy,wmaxworthyh4@merriam-webster.com,Female,Santa Fe
1619,Valenka,Kirman,vkirmanh5@hc360.com,Male,Riosucio
1620,Wang,Buntine,wbuntineh6@redcross.org,Male,Kuala Pilah
1621,Casie,Swaden,cswadenh7@sphinn.com,Male,Gawanan
1622,Karisa,Domesday,kdomesdayh8@webmd.com,Female,Garunggang
1623,Inna,Schaumann,ischaumannh9@nbcnews.com,Male,Mutoko
1624,Cheryl,Mangin,cmanginha@odnoklassniki.ru,Male,Sagang
1625,Pammi,Yesipov,pyesipovhb@hc360.com,Male,Taliouine
1626,Nissie,Gosford,ngosfordhc@csmonitor.com,Female,Mysiadło
1627,Roldan,Langdridge,rlangdridgehd@unesco.org,Female,Tingzhou
1628,Loree,Cleland,lclelandhe@yandex.ru,Female,Ban Phai
1629,Vasilis,Bagge,vbaggehf@slashdot.org,Female,Ribamar
1630,Ainsley,Whetnall,awhetnallhg@hostgator.com,Female,Bengga
1631,Roi,McCuish,rmccuishhh@is.gd,Female,Río Grande
1632,Osborn,Bloys,obloyshi@istockphoto.com,Male,Katyuzhanka
1633,Thane,Routledge,troutledgehj@bravesites.com,Female,Huochezhan
1634,Minni,Lambol,mlambolhk@mit.edu,Male,Bertioga
1635,Arlette,Tolan,atolanhl@skyrock.com,Male,Daugavpils
1636,Alric,Leverentz,aleverentzhm@photobucket.com,Genderqueer,Borkowice
1637,Dee,Cyster,dcysterhn@usda.gov,Male,Kumagaya
1638,Kinny,Gammidge,kgammidgeho@bandcamp.com,Male,Al Miqdādīyah
1639,Lucas,Mullins,lmullinshp@marketwatch.com,Female,Jifarong
1640,Brier,Kynan,bkynanhq@fc2.com,Female,Kutloanong
1641,Neila,Flisher,nflisherhr@hubpages.com,Male,Puerta de Corral Quemado
1642,Suki,Troughton,stroughtonhs@rambler.ru,Male,Duwaktenggi
1643,Wendall,Aliberti,walibertiht@cnbc.com,Female,Béziers
1644,Zebulen,Hanlin,zhanlinhu@mysql.com,Male,Jesenice
1645,Deane,Rootham,droothamhv@ucla.edu,Male,Yangshufang
1646,Nerti,Dessaur,ndessaurhw@reverbnation.com,Male,Banjar Parekan
1647,Salomo,Marzella,smarzellahx@nbcnews.com,Male,Raoyang
1648,Zara,Dalgarno,zdalgarnohy@whitehouse.gov,Genderfluid,Deskáti
1649,Fredi,Batty,fbattyhz@parallels.com,Male,Kushelevka
1650,Merrile,Markie,mmarkiei0@squarespace.com,Female,Izumi
1651,Tam,Tilston,ttilstoni1@paginegialle.it,Female,Biaoshan
1652,Kettie,Chomicz,kchomiczi2@domainmarket.com,Male,Zhijiang
1653,Bern,Greenhall,bgreenhalli3@wikimedia.org,Male,Lyon
1654,Gloriane,O'Codihie,gocodihiei4@prlog.org,Female,Zhongxi
1655,Carmelia,Emanueli,cemanuelii5@liveinternet.ru,Male,Cikai
1656,Gabie,Markey,gmarkeyi6@accuweather.com,Male,Paris 15
1657,Abby,Kingsnode,akingsnodei7@plala.or.jp,Female,Bayambang
1658,Luke,Gemnett,lgemnetti8@amazon.co.jp,Female,Yangsi
1659,Winthrop,Thurborn,wthurborni9@mail.ru,Female,Baghdad
1660,Peterus,Pardy,ppardyia@chicagotribune.com,Female,Pamarayan
1661,Filmer,Lester,flesterib@usda.gov,Female,Huangcun
1662,Ollie,Lubeck,olubeckic@sun.com,Male,Wumahe
1663,Onofredo,Laimable,olaimableid@drupal.org,Male,Jinjiahe
1664,Hatty,Speerman,hspeermanie@ycombinator.com,Male,Kabukarudi
1665,Forest,Bryns,fbrynsif@smugmug.com,Male,Kresek
1666,Hilda,Zelake,hzelakeig@hostgator.com,Genderqueer,Chenxikou
1667,Sigrid,Rosling,sroslingih@globo.com,Male,Skála
1668,Jolyn,Sellstrom,jsellstromii@sfgate.com,Male,Khóra
1669,Bernette,Walford,bwalfordij@moonfruit.com,Male,Katsuura
1670,Fabien,Thyer,fthyerik@sphinn.com,Female,Rudnya
1671,Ebeneser,Banister,ebanisteril@weibo.com,Female,Oranzherei
1672,Jessie,Ingerman,jingermanim@wikispaces.com,Male,Zhenping Chengguanzhen
1673,Harley,Tisor,htisorin@nifty.com,Genderfluid,Tahe
1674,Dani,Whitton,dwhittonio@fda.gov,Female,Huozhuangzi
1675,Aurie,Duck,aduckip@ycombinator.com,Male,Pan-an
1676,Audra,Chastaing,achastaingiq@comsenz.com,Female,Jiuxian
1677,Rees,Grouer,rgrouerir@twitpic.com,Female,Metsavan
1678,Stormie,Brager,sbrageris@wufoo.com,Male,Lianga
1679,Karlik,Grimsey,kgrimseyit@g.co,Female,Lincoln
1680,Ephrayim,Norridge,enorridgeiu@umn.edu,Male,Bolikhan
1681,Lenette,Keitch,lkeitchiv@live.com,Female,Gwaram
1682,Ermentrude,Touhig,etouhigiw@sciencedirect.com,Male,Gorē
1683,Lorette,Wooffinden,lwooffindenix@microsoft.com,Female,Leiguan
1684,Orin,Ivetts,oivettsiy@cnet.com,Female,Boyle
1685,Lennard,Geraldini,lgeraldiniiz@eepurl.com,Polygender,Jatiwangi
1686,Brocky,Sarver,bsarverj0@naver.com,Male,Caieiras
1687,Rodolfo,Lesek,rlesekj1@quantcast.com,Bigender,Changbai
1688,Brigham,Mitkcov,bmitkcovj2@bigcartel.com,Male,Lingda
1689,Addie,Doggart,adoggartj3@youtube.com,Male,Sortavala
1690,Angelia,Rusted,arustedj4@jalbum.net,Male,Kobylanka
1691,Aldis,Tedahl,atedahlj5@goodreads.com,Genderfluid,Reno
1692,Darcy,Duckerin,dduckerinj6@mapy.cz,Male,Saijō
1693,Lurline,Griffin,lgriffinj7@ning.com,Female,Dhī as Sufāl
1694,Sondra,Mably,smablyj8@diigo.com,Male,Baizhu
1695,Irwin,Gerrietz,igerrietzj9@nytimes.com,Male,Kardítsa
1696,Cameron,McCleod,cmccleodja@irs.gov,Female,Guacarí
1697,Ryley,Biffin,rbiffinjb@businesswire.com,Female,Urechcha
1698,Fern,Strutton,fstruttonjc@geocities.jp,Polygender,Chicago
1699,Raphaela,Risbridger,rrisbridgerjd@slate.com,Male,Urho
1700,Konstantine,Meadowcroft,kmeadowcroftje@photobucket.com,Male,Parumasan
1701,Carlye,Skim,cskimjf@addthis.com,Female,Gondang
1702,Teodoro,Haggerstone,thaggerstonejg@oakley.com,Female,Pindaré Mirim
1703,Adiana,Newsham,anewshamjh@sakura.ne.jp,Male,Pesqueira
1704,Fred,Limpkin,flimpkinji@bbb.org,Female,Elías
1705,Kari,Eby,kebyjj@e-recht24.de,Female,Hennenman
1706,Chic,Demelt,cdemeltjk@is.gd,Female,Yuelai
1707,Amye,Drackford,adrackfordjl@blog.com,Male,San Matías
1708,Cynthy,Merriott,cmerriottjm@virginia.edu,Non-binary,Sv. Ana v Slov. Goricah
1709,Jorrie,Haggar,jhaggarjn@friendfeed.com,Female,Pokrovskoye
1710,Dita,Roscrigg,droscriggjo@drupal.org,Male,Mogadishu
1711,Benedetto,Ketteman,bkettemanjp@unicef.org,Female,Jianxin
1712,Gawen,Snodin,gsnodinjq@creativecommons.org,Male,Vershino-Shakhtaminskiy
1713,Glad,Meaking,gmeakingjr@statcounter.com,Female,Tuqiao
1714,Tedman,Manshaw,tmanshawjs@latimes.com,Female,Mizunami
1715,Andonis,Lockney,alockneyjt@npr.org,Female,Estrada
1716,Tiffy,Mallock,tmallockju@edublogs.org,Female,Sabinópolis
1717,Elsbeth,Littlecote,elittlecotejv@rakuten.co.jp,Female,Valle de Ángeles
1718,Obediah,McVeighty,omcveightyjw@latimes.com,Female,Berezovo
1719,Velvet,Tolcharde,vtolchardejx@infoseek.co.jp,Female,Kubang
1720,Florie,Pietrowski,fpietrowskijy@slideshare.net,Female,Kara-Balta
1721,Bartholomeo,Owtram,bowtramjz@fotki.com,Female,Sadowie
1722,Anabella,Lamplough,alamploughk0@4shared.com,Female,Katrineholm
1723,Pansy,Praundlin,ppraundlink1@facebook.com,Polygender,Now Zād
1724,Marlane,Hallmark,mhallmarkk2@ft.com,Female,Hikkaduwa
1725,Elonore,Maynard,emaynardk3@de.vu,Male,Krychaw
1726,Margalo,Bartley,mbartleyk4@linkedin.com,Genderqueer,Sourotí
1727,Gustie,Marshal,gmarshalk5@uol.com.br,Male,Juhut
1728,Lyssa,Sexstone,lsexstonek6@jiathis.com,Female,Marisgama
1729,Jayne,Copes,jcopesk7@nytimes.com,Male,Suraż
1730,Hayes,Wellsman,hwellsmank8@symantec.com,Female,Kotatengah
1731,Bryan,Jaine,bjainek9@techcrunch.com,Male,Zhenqian
1732,Felix,Backsal,fbacksalka@answers.com,Male,Groznyy
1733,Bria,Rojas,brojaskb@phpbb.com,Female,Bukabu
1734,Sayers,Mardle,smardlekc@jiathis.com,Female,Voiron
1735,Libbey,Dumbreck,ldumbreckkd@parallels.com,Male,Shedok
1736,Artemus,Dust,adustke@mashable.com,Male,Nagbacalan
1737,Maxi,Ronca,mroncakf@diigo.com,Female,Paris 13
1738,Madeline,Mannion,mmannionkg@t-online.de,Male,Milwaukee
1739,Ameline,Reap,areapkh@vinaora.com,Bigender,Livorno
1740,Stephanus,Perillo,sperilloki@google.de,Female,Suresnes
1741,Nicholle,McVicar,nmcvicarkj@state.gov,Female,Meghrashen
1742,Leah,Tomkins,ltomkinskk@irs.gov,Female,Järna
1743,Fernande,Hayley,fhayleykl@list-manage.com,Female,Kuz’minskiye Otverzhki
1744,Parrnell,Bagott,pbagottkm@census.gov,Male,Tanxi
1745,Johnnie,Bardill,jbardillkn@icio.us,Male,Kalungu
1746,Leonerd,Lewer,llewerko@elpais.com,Female,Toledo
1747,Kelsi,Gregorowicz,kgregorowiczkp@nasa.gov,Female,Wang Sombun
1748,Claudina,Wooddisse,cwooddissekq@homestead.com,Male,Novosil’
1749,Lesly,Togwell,ltogwellkr@comsenz.com,Female,Novozavedennoye
1750,Tabbitha,Levecque,tlevecqueks@bloomberg.com,Female,Datan
1751,Webb,Sincock,wsincockkt@surveymonkey.com,Male,Valinhos
1752,Frederich,Kennedy,fkennedyku@google.fr,Female,Ardirejo
1753,Rufus,Whalebelly,rwhalebellykv@360.cn,Male,Karlskrona
1754,Kristi,Chaddock,kchaddockkw@mlb.com,Female,Varadero
1755,Bartie,Liggins,bligginskx@dell.com,Female,Bordeaux
1756,Melissa,Fawcitt,mfawcittky@discovery.com,Female,Huantuo
1757,Elnore,Attersoll,eattersollkz@statcounter.com,Non-binary,Solec-Zdrój
1758,Yolanthe,Pittel,ypittell0@moonfruit.com,Male,Woloara
1759,Portia,Braznell,pbraznelll1@xrea.com,Male,Kawangkoan
1760,Gary,Tiley,gtileyl2@gravatar.com,Female,Asopía
1761,Orsola,Dagnall,odagnalll3@imgur.com,Male,Noupoort
1762,Bruno,Nehls,bnehlsl4@booking.com,Non-binary,Kebonagung
1763,Mikkel,Pluthero,mplutherol5@theglobeandmail.com,Female,Wonorejo
1764,Helene,Dunstan,hdunstanl6@gov.uk,Male,Dobrzeń Wielki
1765,Buffy,Claxton,bclaxtonl7@techcrunch.com,Female,Pulaupanggung
1766,Alyce,Keaton,akeatonl8@weather.com,Male,Taipei
1767,Eachelle,Cessford,ecessfordl9@theatlantic.com,Female,Malian
1768,Stormi,Polglase,spolglasela@netvibes.com,Male,Rāwandūz
1769,Dennet,Shadfourth,dshadfourthlb@google.co.jp,Male,Phú Vang
1770,Richart,Esherwood,resherwoodlc@statcounter.com,Female,Guinobatan
1771,Amory,Goscar,agoscarld@comsenz.com,Male,Sopron
1772,Adel,Floyde,afloydele@yahoo.com,Female,Rancabolang
1773,Joleen,Fassbender,jfassbenderlf@nsw.gov.au,Female,Pingdingbu
1774,Nichole,Filby,nfilbylg@baidu.com,Female,Natakoli
1775,Dillie,Bruin,dbruinlh@angelfire.com,Genderqueer,Bo Phloi
1776,Keri,Klaaasen,kklaaasenli@imgur.com,Female,Lukavice
1777,Huey,Fowell,hfowelllj@slashdot.org,Male,Ntungamo
1778,Randa,Flucks,rfluckslk@guardian.co.uk,Female,Best
1779,Molli,Haslen,mhaslenll@rambler.ru,Female,Beishan
1780,Maryann,Brech,mbrechlm@hostgator.com,Female,Calachuchi
1781,Amanda,Buesnel,abuesnelln@drupal.org,Male,Căuşeni
1782,Wain,Prinett,wprinettlo@auda.org.au,Male,Nazaré
1783,Sallyanne,Abelov,sabelovlp@free.fr,Male,Bestovje
1784,Joell,Haacker,jhaackerlq@squarespace.com,Female,Begowāla
1785,Suzanna,Holberry,sholberrylr@intel.com,Female,Keroka
1786,Juliann,Snoddin,jsnoddinls@ifeng.com,Female,Auch
1787,Fidel,Woodhall,fwoodhalllt@webnode.com,Female,Orhon
1788,Giorgia,Belly,gbellylu@miitbeian.gov.cn,Male,Kadubetara
1789,Moore,Nezey,mnezeylv@weibo.com,Male,Tsibulev
1790,Imogene,Haszard,ihaszardlw@indiatimes.com,Female,Baokou
1791,Georgianna,Inglesent,ginglesentlx@hao123.com,Genderqueer,Wilamowice
1792,Allianora,Lamberth,alamberthly@whitehouse.gov,Male,Lianshan
1793,Nora,Cowely,ncowelylz@shutterfly.com,Female,Suḩayl Shibām
1794,Bank,Ducket,bducketm0@uiuc.edu,Male,Odivelas
1795,Laetitia,Nutting,lnuttingm1@europa.eu,Male,El Colorado
1796,Susann,Skettles,sskettlesm2@yale.edu,Male,Huangji
1797,Reese,Vant,rvantm3@furl.net,Male,Xiaxihao
1798,Stephenie,Hoffmann,shoffmannm4@unblog.fr,Male,Açu
1799,Torrance,Poytress,tpoytressm5@elegantthemes.com,Female,Ampelákia
1800,Alfie,Swyn,aswynm6@list-manage.com,Male,Asopía
1801,Daniele,Traise,dtraisem7@etsy.com,Male,Dalududalu
1802,Denice,Pickard,dpickardm8@theatlantic.com,Female,Xiaxihao
1803,Cristy,Lidgett,clidgettm9@latimes.com,Male,Jianli
1804,Malissia,O'Meara,momearama@wisc.edu,Female,Mosteiró
1805,Aristotle,Boutellier,aboutelliermb@gov.uk,Male,Örebro
1806,Arch,Padillo,apadillomc@godaddy.com,Female,Shumyachi
1807,Janith,Pegg,jpeggmd@cargocollective.com,Female,Hengshan
1808,Minerva,Mary,mmaryme@de.vu,Female,Newbiggin
1809,Mikol,Paunsford,mpaunsfordmf@dot.gov,Male,Hwange
1810,Fiona,Bowra,fbowramg@archive.org,Female,Polo
1811,Igor,Postance,ipostancemh@slideshare.net,Female,Krrabë
1812,Annabella,Kempstone,akempstonemi@paypal.com,Female,L'Union
1813,Javier,Mabbott,jmabbottmj@dion.ne.jp,Female,Jeffersonville
1814,Douglas,Brounsell,dbrounsellmk@cbsnews.com,Male,Malpique
1815,Jackson,Conduit,jconduitml@cnn.com,Male,Golubinci
1816,Christie,Keggins,ckegginsmm@illinois.edu,Female,Pontarlier
1817,Coop,Chesters,cchestersmn@google.ru,Female,Karlskoga
1818,Dannie,Fiveash,dfiveashmo@princeton.edu,Male,Caála
1819,Rafaello,Wooland,rwoolandmp@slate.com,Female,Huashu
1820,Brynn,Neeson,bneesonmq@simplemachines.org,Male,Ayapel
1821,Filide,Jerrim,fjerrimmr@nba.com,Female,Zhangzhen
1822,Rodd,Creber,rcreberms@webs.com,Female,Jindu
1823,Deane,Bailey,dbaileymt@surveymonkey.com,Male,Balpyk Bī
1824,Aylmer,Pirie,apiriemu@miibeian.gov.cn,Female,Galle
1825,Elsy,Marland,emarlandmv@tmall.com,Agender,Filótion
1826,Happy,Vampouille,hvampouillemw@g.co,Male,Vera Cruz
1827,Natalina,Dadson,ndadsonmx@sciencedirect.com,Female,Chợ Gạo
1828,Rasia,Sygrove,rsygrovemy@qq.com,Male,Lwengo
1829,Cam,McLarnon,cmclarnonmz@hc360.com,Female,Songhae
1830,Minni,Stevenson,mstevensonn0@nifty.com,Female,Bualu
1831,Christean,Sallter,csalltern1@tinypic.com,Male,Santo Aleixo
1832,Nissy,Rawsthorne,nrawsthornen2@weather.com,Male,Sharjah
1833,Bobbi,Nibloe,bnibloen3@state.tx.us,Female,Telmin Suma
1834,Bernie,Birnie,bbirnien4@topsy.com,Male,Yuyang
1835,Gaspar,Beacroft,gbeacroftn5@free.fr,Female,Pinhal Novo
1836,Ellene,Goodanew,egoodanewn6@springer.com,Male,Oslo
1837,Winni,Olphert,wolphertn7@aol.com,Male,Cheongpyeong
1838,Franciska,Belbin,fbelbinn8@vistaprint.com,Female,Paris 11
1839,Nickola,Aronovitz,naronovitzn9@ustream.tv,Female,Libouchec
1840,Danell,Novotne,dnovotnena@blog.com,Female,Eastern Suburbs Mc
1841,Trude,Griswaite,tgriswaitenb@squarespace.com,Male,Osogbo
1842,Angelica,Heino,aheinonc@ihg.com,Female,Changjiangbu
1843,Micheal,Dykins,mdykinsnd@guardian.co.uk,Male,Huangjindong
1844,Katharine,McConnachie,kmcconnachiene@digg.com,Female,Ekibastuz
1845,Welby,Iacomelli,wiacomellinf@webs.com,Female,Tambakrejo
1846,Bevan,Leglise,blegliseng@ihg.com,Female,Kaduela
1847,Aylmer,Radclyffe,aradclyffenh@mlb.com,Male,Duang
1848,Kay,Sumshon,ksumshonni@fastcompany.com,Male,Guéret
1849,Cynthie,Hrycek,chryceknj@auda.org.au,Male,Florida
1850,Ward,Leppingwell,wleppingwellnk@merriam-webster.com,Male,Yoshkar-Ola
1851,Mallory,Reeken,mreekennl@example.com,Male,Boljevci
1852,Rozalin,Hamnet,rhamnetnm@quantcast.com,Female,Fuchun
1853,Wylie,Clethro,wclethronn@yahoo.com,Female,Qianjin
1854,Dennis,Parrin,dparrinno@spotify.com,Polygender,Simi Valley
1855,Antonella,Forsard,aforsardnp@comcast.net,Female,Sukacai
1856,Gunter,Drohan,gdrohannq@mtv.com,Male,Cibitung
1857,Mamie,Thomel,mthomelnr@zimbio.com,Female,Matumadua
1858,Sapphira,Biddwell,sbiddwellns@github.io,Male,Talhār
1859,Brinna,Durnford,bdurnfordnt@guardian.co.uk,Male,Amiens
1860,Claybourne,Guye,cguyenu@sitemeter.com,Female,Helang
1861,Jackelyn,Wingate,jwingatenv@ucsd.edu,Male,Tadrart
1862,Maynord,Gother,mgothernw@xinhuanet.com,Male,São Martinho
1863,Brenn,Carss,bcarssnx@patch.com,Male,Oenaik
1864,Coral,Dougal,cdougalny@jalbum.net,Female,Noemuti
1865,Margot,Braim,mbraimnz@amazon.co.jp,Female,Ekpoma
1866,Brandtr,Celier,bceliero0@psu.edu,Agender,Thị Trấn Yên Phú
1867,Geri,Pietasch,gpietascho1@weibo.com,Female,Enonkoski
1868,Shirlee,Matterdace,smatterdaceo2@weebly.com,Male,Maralal
1869,Edee,Hynd,ehyndo3@flickr.com,Female,Krajan Satu
1870,Micheline,Myall,mmyallo4@opensource.org,Female,Aş Şanamayn
1871,Fidelity,Nevins,fnevinso5@illinois.edu,Male,Kwakoa
1872,Elisha,Martinon,emartinono6@disqus.com,Male,Philadelphia
1873,Leeanne,Boscher,lboschero7@google.fr,Male,Itigi
1874,Shelagh,Staveley,sstaveleyo8@bing.com,Female,La Gloria
1875,Jaymie,Titley,jtitleyo9@webnode.com,Male,Valjevo
1876,Eadie,McIver,emciveroa@networkadvertising.org,Female,Shimen
1877,Tawnya,Rappoport,trappoportob@nymag.com,Male,Kurchaloy
1878,Ambrosius,Earp,aearpoc@army.mil,Female,Abreu e Lima
1879,Elston,Sherlaw,esherlawod@tinyurl.com,Female,Russkiy
1880,Taddeusz,Farlam,tfarlamoe@abc.net.au,Agender,Koz’modem’yansk
1881,Andras,St. Queintain,astqueintainof@ibm.com,Female,Tegalloa
1882,Katusha,Causnett,kcausnettog@unicef.org,Female,Suqin Huimin
1883,Farand,Dunbleton,fdunbletonoh@cnbc.com,Male,Savigny-le-Temple
1884,Maxie,Fozard,mfozardoi@nps.gov,Polygender,Garisul
1885,Augustina,Dunley,adunleyoj@51.la,Male,Hînceşti
1886,Lowell,Conquest,lconquestok@hhs.gov,Female,Ljungby
1887,Ave,Giannoni,agiannoniol@dailymail.co.uk,Male,Cikotok
1888,Jenn,Ten Broek,jtenbroekom@sogou.com,Male,São Pedro
1889,Emmie,Spriddle,espriddleon@google.fr,Male,Sainte-Geneviève-des-Bois
1890,Wilona,Kleinert,wkleinertoo@tripadvisor.com,Female,Tayirove
1891,Nanete,Orrow,norrowop@alexa.com,Genderfluid,Changpu
1892,Krysta,Down,kdownoq@parallels.com,Male,Tuchola
1893,Bidget,Francais,bfrancaisor@unc.edu,Female,Dasiping
1894,Laure,Blader,lbladeros@t.co,Non-binary,Liangdong
1895,Karlene,Dewitt,kdewittot@privacy.gov.au,Male,Ursus
1896,Zea,Bleesing,zbleesingou@washingtonpost.com,Genderfluid,Zhenwen
1897,Paige,Delepine,pdelepineov@spotify.com,Female,Santa Isabel
1898,Eda,Hardy,ehardyow@rambler.ru,Female,Valladolid
1899,Nels,Dorton,ndortonox@com.com,Female,Xinghuo
1900,Cordy,Kern,ckernoy@digg.com,Male,Jandaia do Sul
1901,Clem,Durman,cdurmanoz@amazon.com,Male,Yunguyo
1902,Hamid,Thickin,hthickinp0@blogtalkradio.com,Female,São Pedro de Muel
1903,Batholomew,Doust,bdoustp1@nytimes.com,Male,Pindi Bhattiān
1904,Pippa,Heymes,pheymesp2@stumbleupon.com,Female,San Juan Sacatepéquez
1905,Immanuel,MacNulty,imacnultyp3@nifty.com,Female,Qā’en
1906,Gayleen,Razoux,grazouxp4@hexun.com,Male,Embu
1907,Feliks,Fritzer,ffritzerp5@timesonline.co.uk,Female,Yuhuazhai
1908,Chloette,Othick,cothickp6@independent.co.uk,Female,Rongwo
1909,Ashia,Purdom,apurdomp7@ustream.tv,Female,Gujba
1910,Cecilla,Linstead,clinsteadp8@bloglovin.com,Female,Pomahan
1911,Laraine,Glencrosche,lglencroschep9@paginegialle.it,Male,Suncun
1912,Armin,Corish,acorishpa@economist.com,Female,Jiangwan
1913,Terrel,Poultney,tpoultneypb@technorati.com,Male,Medenine
1914,Almeda,Stansfield,astansfieldpc@shop-pro.jp,Male,Saukkola
1915,Sloan,Hares,sharespd@marriott.com,Female,Fulu
1916,Zenia,Arbuckle,zarbucklepe@networkadvertising.org,Female,Dangjiaxian
1917,Evangelin,Bates,ebatespf@friendfeed.com,Female,Ludvika
1918,Miran,Lace,mlacepg@plala.or.jp,Female,Wairinding
1919,Kev,Vequaud,kvequaudph@dot.gov,Female,Đống Đa
1920,Amata,Hacaud,ahacaudpi@nytimes.com,Non-binary,Reitoca
1921,Ladonna,Phalp,lphalppj@dion.ne.jp,Female,Nova Varoš
1922,Gare,Kidsley,gkidsleypk@plala.or.jp,Male,Duanjia
1923,Kimmie,Van Leeuwen,kvanleeuwenpl@wix.com,Female,Xiaozhi
1924,Gilburt,Fettiplace,gfettiplacepm@vinaora.com,Male,General Manuel J. Campos
1925,Caril,Brazelton,cbrazeltonpn@unc.edu,Female,Karawatung
1926,Townsend,Jeffcoate,tjeffcoatepo@cloudflare.com,Male,Al Khirāb
1927,Dallas,Alejandro,dalejandropp@theglobeandmail.com,Male,Gubat
1928,Thomasin,Red,tredpq@japanpost.jp,Male,Krousón
1929,Kathryn,Strase,kstrasepr@squidoo.com,Female,Viking
1930,Lind,Pashen,lpashenps@cam.ac.uk,Female,Chenqing
1931,Chicky,Bachura,cbachurapt@salon.com,Male,Kradinan
1932,Emmy,Springer,espringerpu@woothemes.com,Male,Mekele
1933,Marc,Shipston,mshipstonpv@tamu.edu,Male,Starobaltachevo
1934,Salli,Pimerick,spimerickpw@1688.com,Female,Ban Ratsada
1935,Ted,Street,tstreetpx@cocolog-nifty.com,Male,Gaotuo
1936,Dredi,Apfel,dapfelpy@jalbum.net,Female,Bačka Topola
1937,Bernadina,Hatchman,bhatchmanpz@hao123.com,Female,Pavlovskaya
1938,Etta,Stritton,estrittonq0@posterous.com,Male,Ancol
1939,Weider,Aylwin,waylwinq1@nhs.uk,Male,Shanting
1940,Cyril,Aicken,caickenq2@mozilla.org,Bigender,Acton Vale
1941,Jamesy,Aindrais,jaindraisq3@yahoo.com,Male,Podgornaya
1942,Erastus,Johananoff,ejohananoffq4@canalblog.com,Male,České Meziříčí
1943,Bob,Abramino,babraminoq5@paypal.com,Female,Little Baguio
1944,Bill,Jatczak,bjatczakq6@addthis.com,Male,Jingyu
1945,Dotty,Gringley,dgringleyq7@linkedin.com,Male,Banjar Bau Kawan
1946,Stephan,Rodgier,srodgierq8@businessweek.com,Male,Senangkhanikhom
1947,Heather,Delion,hdelionq9@umn.edu,Female,Polyarnyy
1948,Tamqrah,Titterrell,ttitterrellqa@spiegel.de,Male,Seixo Alvo
1949,Rhody,Buxsy,rbuxsyqb@sciencedaily.com,Female,Zhangjiaji
1950,Carlye,Marns,cmarnsqc@vkontakte.ru,Male,Dul’durga
1951,Antoine,Raddish,araddishqd@dagondesign.com,Female,Brzeszcze
1952,Gipsy,Layne,glayneqe@comcast.net,Female,Agrela
1953,Ossie,Blanshard,oblanshardqf@seattletimes.com,Female,Söderköping
1954,Mira,Swash,mswashqg@loc.gov,Female,Kampen (Overijssel)
1955,Pauletta,Farndale,pfarndaleqh@ifeng.com,Male,Kuzhu
1956,Mikkel,Alfwy,malfwyqi@harvard.edu,Female,Jialai
1957,Brittan,MacAree,bmacareeqj@amazonaws.com,Female,Alor Setar
1958,Crin,Simants,csimantsqk@salon.com,Female,Montijo
1959,Ingrid,Benjafield,ibenjafieldql@tiny.cc,Female,Kadupayung
1960,Forrest,Kilgannon,fkilgannonqm@altervista.org,Male,Ush-Tyube
1961,Obadiah,Coning,oconingqn@arstechnica.com,Female,Caçapava
1962,Cristina,Fender,cfenderqo@friendfeed.com,Female,Conceição do Jacuípe
1963,Shayna,Linfoot,slinfootqp@examiner.com,Male,Tangping
1964,Danya,Gowenlock,dgowenlockqq@netvibes.com,Male,Bollène
1965,Janith,Perkis,jperkisqr@washington.edu,Male,Crauthem
1966,Rory,Tant,rtantqs@com.com,Male,Wołczyn
1967,Tadd,Pead,tpeadqt@delicious.com,Female,Changpu
1968,Cindelyn,Macquire,cmacquirequ@ox.ac.uk,Male,Los Guayos
1969,Mendel,Ellerby,mellerbyqv@slideshare.net,Female,Além Paraíba
1970,Estella,Hannaford,ehannafordqw@posterous.com,Female,Kayar
1971,Elwyn,Simm,esimmqx@over-blog.com,Male,Guangyi
1972,Leilah,Bazely,lbazelyqy@dot.gov,Male,Banyulegi
1973,Sharity,Adel,sadelqz@joomla.org,Non-binary,Lajeado
1974,Roxi,Botterill,rbotterillr0@reference.com,Male,Martanesh
1975,Denver,Snarie,dsnarier1@ftc.gov,Female,Oklahoma City
1976,Adan,Hakonsen,ahakonsenr2@eepurl.com,Female,Jawand
1977,Husein,Perree,hperreer3@4shared.com,Female,Gelang
1978,Warde,Tudor,wtudorr4@barnesandnoble.com,Male,Elekmonar
1979,Cindie,Serfati,cserfatir5@deviantart.com,Female,Rancabolang
1980,Nealson,Ca,ncar6@alibaba.com,Male,Gent
1981,Abdel,Doonican,adoonicanr7@jugem.jp,Female,Huarancante
1982,Ezmeralda,Crean,ecreanr8@yahoo.co.jp,Female,Korem
1983,Charleen,Van den Broek,cvandenbroekr9@vk.com,Male,Spasskoye
1984,Ricca,Tebboth,rtebbothra@vimeo.com,Male,Keetmanshoop
1985,Sullivan,Errigo,serrigorb@furl.net,Male,Mombaça
1986,Mead,Dickerson,mdickersonrc@ihg.com,Non-binary,Luntas
1987,Keir,Sandal,ksandalrd@rediff.com,Male,Fort McMurray
1988,Jaine,Burniston,jburnistonre@t.co,Male,Pandean
1989,Richy,Norbury,rnorburyrf@weebly.com,Female,Gubeikou
1990,Sheree,Jouanot,sjouanotrg@prlog.org,Polygender,Valencia
1991,Chad,Stredder,cstredderrh@house.gov,Female,Trzemeszno
1992,Fairfax,Oldacre,foldacreri@home.pl,Male,Charyshskoye
1993,Malinde,Bleibaum,mbleibaumrj@state.gov,Female,Quinta dos Frades
1994,Phylys,Shakesby,pshakesbyrk@nsw.gov.au,Male,Palmas Bellas
1995,Suzette,Turle,sturlerl@theglobeandmail.com,Male,Bhola
1996,Veronique,Bawles,vbawlesrm@go.com,Female,Yonglong
1997,Haleigh,Oventon,hoventonrn@oaic.gov.au,Male,Wanhu
1998,Reggie,Dowthwaite,rdowthwaitero@va.gov,Male,Blansko
1999,Torrie,Doberer,tdobererrp@ucoz.com,Genderqueer,Motala
2000,Terence,Maple,tmaplerq@soundcloud.com,Bigender,Lalagsan
2001,Noemi,Babar,nbabarrr@blinklist.com,Male,Parigi
